"Molecule ChEMBL ID";"Molecule Name";"Molecule Max Phase";"Molecular Weight";"#RO5 Violations";"AlogP";"Compound Key";"Smiles";"Standard Type";"Standard Relation";"Standard Value";"Standard Units";"pChEMBL Value";"Data Validity Comment";"Comment";"Uo Units";"Ligand Efficiency BEI";"Ligand Efficiency LE";"Ligand Efficiency LLE";"Ligand Efficiency SEI";"Potential Duplicate";"Assay ChEMBL ID";"Assay Description";"Assay Type";"BAO Format ID";"BAO Label";"Assay Organism";"Assay Tissue ChEMBL ID";"Assay Tissue Name";"Assay Cell Type";"Assay Subcellular Fraction";"Assay Parameters";"Assay Variant Accession";"Assay Variant Mutation";"Target ChEMBL ID";"Target Name";"Target Organism";"Target Type";"Document ChEMBL ID";"Source ID";"Source Description";"Document Journal";"Document Year";"Cell ChEMBL ID";"Properties"
"CHEMBL71037";"";"0";"425.49";"0";"-0.80";"1, BMS-262084";"CC(C)(C)NC(=O)N1CCN(C(=O)N2C(=O)[C@H](CCCN=C(N)N)[C@H]2C(=O)O)CC1";"IC50";"'='";"4.0";"nM";"8.40";"";"";"UO_0000065";"19.74";"0.38";"9.20";"4.81";"1";"CHEMBL817289";"Inhibitory activity against human tryptase";"B";"BAO_0000224";"protein format";"None";"None";"None";"None";"None";"";"";"";"CHEMBL2095193";"Tryptase";"Homo sapiens";"PROTEIN FAMILY";"CHEMBL1147563";"1";"Scientific Literature";"Bioorg. Med. Chem. Lett.";"2004";"None";""
"CHEMBL107476";"";"0";"436.56";"0";"2.32";"8a";"NCCCCNC(=O)CN1CCCCC(NC(=O)c2ccc(-c3ccccc3)cc2)C1=O";"IC50";"'>'";"33000.0";"nM";"";"";"";"UO_0000065";"";"";"";"";"0";"CHEMBL817287";"Inhibition of human tryptase.";"B";"BAO_0000224";"protein format";"None";"None";"None";"None";"None";"";"";"";"CHEMBL2095193";"Tryptase";"Homo sapiens";"PROTEIN FAMILY";"CHEMBL1139445";"1";"Scientific Literature";"Bioorg. Med. Chem. Lett.";"2004";"None";""
"CHEMBL107427";"";"0";"470.57";"0";"3.56";"8k";"NCc1ccc(NC(=O)CN2CCCCC(NC(=O)c3ccc(-c4ccccc4)cc3)C2=O)cc1";"IC50";"'='";"3600.0";"nM";"5.44";"";"";"UO_0000065";"11.57";"0.21";"1.88";"5.21";"0";"CHEMBL817287";"Inhibition of human tryptase.";"B";"BAO_0000224";"protein format";"None";"None";"None";"None";"None";"";"";"";"CHEMBL2095193";"Tryptase";"Homo sapiens";"PROTEIN FAMILY";"CHEMBL1139445";"1";"Scientific Literature";"Bioorg. Med. Chem. Lett.";"2004";"None";""
"CHEMBL358761";"";"0";"519.49";"1";"1.15";"7e";"C[C@H](NC(=O)OCN1C(=O)c2ccccc2S1(=O)=O)C(=O)N(CC(=O)O)C(=O)OCc1ccccc1";"IC50";"'='";"13400.0";"nM";"4.87";"";"";"UO_0000065";"9.38";"0.18";"3.72";"2.76";"0";"CHEMBL817290";"Inhibitory activity was measured against human mast cell tryptase.";"B";"BAO_0000224";"protein format";"None";"None";"None";"None";"None";"";"";"";"CHEMBL2095193";"Tryptase";"Homo sapiens";"PROTEIN FAMILY";"CHEMBL1131519";"1";"Scientific Literature";"J. Med. Chem.";"1998";"None";""
"CHEMBL320529";"";"0";"347.38";"0";"0.07";"8d";"N=C(N)NCCC[C@H]1C(=O)N(C(=O)NCc2ccccc2)[C@@H]1C(=O)O";"IC50";"'='";"71.0";"nM";"7.15";"";"";"UO_0000065";"20.58";"0.39";"7.08";"4.81";"0";"CHEMBL697873";"In vitro inhibition of human tryptase.";"B";"BAO_0000224";"protein format";"Homo sapiens";"None";"None";"None";"None";"";"";"";"CHEMBL2095193";"Tryptase";"Homo sapiens";"PROTEIN FAMILY";"CHEMBL1134957";"1";"Scientific Literature";"Bioorg. Med. Chem. Lett.";"2002";"None";""
"CHEMBL144167";"";"0";"464.50";"0";"2.62";"7p";"O=C(NCCc1ccccc1)c1ccc(C(=O)OCN2C(=O)c3ccccc3S2(=O)=O)cc1";"IC50";"'='";"679.0";"nM";"6.17";"";"";"UO_0000065";"13.28";"0.26";"3.55";"5.62";"0";"CHEMBL817290";"Inhibitory activity was measured against human mast cell tryptase.";"B";"BAO_0000224";"protein format";"None";"None";"None";"None";"None";"";"";"";"CHEMBL2095193";"Tryptase";"Homo sapiens";"PROTEIN FAMILY";"CHEMBL1131519";"1";"Scientific Literature";"J. Med. Chem.";"1998";"None";""
"CHEMBL72532";"";"0";"548.68";"1";"3.51";"55";"O=C(O)[C@@H]1[C@@H](CC2CCNCC2)C(=O)N1C(=O)N1CCN(C(=O)CCCCCc2cccc3ccccc23)CC1";"IC50";"'='";"1.0";"nM";"9.00";"";"";"UO_0000065";"16.40";"0.31";"5.49";"8.16";"0";"CHEMBL817289";"Inhibitory activity against human tryptase";"B";"BAO_0000224";"protein format";"None";"None";"None";"None";"None";"";"";"";"CHEMBL2095193";"Tryptase";"Homo sapiens";"PROTEIN FAMILY";"CHEMBL1147563";"1";"Scientific Literature";"Bioorg. Med. Chem. Lett.";"2004";"None";""
"CHEMBL317458";"";"0";"422.53";"0";"2.46";"12g";"CCc1ccc(C(=O)NC2CCCCN(CC(=O)Nc3cccc(CN)c3)C2=O)cc1";"IC50";"'='";"4600.0";"nM";"5.34";"";"";"UO_0000065";"12.63";"0.24";"2.88";"5.11";"0";"CHEMBL817287";"Inhibition of human tryptase.";"B";"BAO_0000224";"protein format";"None";"None";"None";"None";"None";"";"";"";"CHEMBL2095193";"Tryptase";"Homo sapiens";"PROTEIN FAMILY";"CHEMBL1139445";"1";"Scientific Literature";"Bioorg. Med. Chem. Lett.";"2004";"None";""
"CHEMBL110061";"";"0";"439.52";"0";"-0.71";"25b";"CNC(=O)[C@@H]1[C@@H](CCCN=C(N)N)C(=O)N1C(=O)N1CCN(C(=O)OC(C)(C)C)CC1";"IC50";"'='";"0.7";"nM";"9.15";"";"";"UO_0000065";"20.83";"0.40";"9.86";"5.59";"0";"CHEMBL697873";"In vitro inhibition of human tryptase.";"B";"BAO_0000224";"protein format";"Homo sapiens";"None";"None";"None";"None";"";"";"";"CHEMBL2095193";"Tryptase";"Homo sapiens";"PROTEIN FAMILY";"CHEMBL1134957";"1";"Scientific Literature";"Bioorg. Med. Chem. Lett.";"2002";"None";""
"CHEMBL341885";"";"0";"446.48";"0";"2.43";"7d";"O=C(CCCCNC(=O)OCc1ccccc1)OCN1C(=O)c2ccccc2S1(=O)=O";"IC50";"'='";"110.0";"nM";"6.96";"";"";"UO_0000065";"15.59";"0.31";"4.53";"5.84";"0";"CHEMBL817290";"Inhibitory activity was measured against human mast cell tryptase.";"B";"BAO_0000224";"protein format";"None";"None";"None";"None";"None";"";"";"";"CHEMBL2095193";"Tryptase";"Homo sapiens";"PROTEIN FAMILY";"CHEMBL1131519";"1";"Scientific Literature";"J. Med. Chem.";"1998";"None";""
"CHEMBL344560";"";"0";"418.43";"0";"1.65";"7b";"O=C(CCNC(=O)OCc1ccccc1)OCN1C(=O)c2ccccc2S1(=O)=O";"IC50";"'='";"854.0";"nM";"6.07";"";"";"UO_0000065";"14.50";"0.29";"4.42";"5.10";"0";"CHEMBL817290";"Inhibitory activity was measured against human mast cell tryptase.";"B";"BAO_0000224";"protein format";"None";"None";"None";"None";"None";"";"";"";"CHEMBL2095193";"Tryptase";"Homo sapiens";"PROTEIN FAMILY";"CHEMBL1131519";"1";"Scientific Literature";"J. Med. Chem.";"1998";"None";""
"CHEMBL104220";"";"0";"484.60";"0";"3.87";"12a";"Cc1ccc(-c2ccc(C(=O)NC3CCCCN(CC(=O)Nc4cccc(CN)c4)C3=O)cc2)cc1";"IC50";"'='";"1300.0";"nM";"5.89";"";"";"UO_0000065";"12.15";"0.22";"2.02";"5.63";"0";"CHEMBL817287";"Inhibition of human tryptase.";"B";"BAO_0000224";"protein format";"None";"None";"None";"None";"None";"";"";"";"CHEMBL2095193";"Tryptase";"Homo sapiens";"PROTEIN FAMILY";"CHEMBL1139445";"1";"Scientific Literature";"Bioorg. Med. Chem. Lett.";"2004";"None";""
"CHEMBL320473";"";"0";"484.60";"0";"3.49";"12e";"NCc1cccc(NC(=O)CN2CCCCC(NC(=O)c3ccc(Cc4ccccc4)cc3)C2=O)c1";"IC50";"'='";"980.0";"nM";"6.01";"";"";"UO_0000065";"12.40";"0.23";"2.52";"5.75";"0";"CHEMBL817287";"Inhibition of human tryptase.";"B";"BAO_0000224";"protein format";"None";"None";"None";"None";"None";"";"";"";"CHEMBL2095193";"Tryptase";"Homo sapiens";"PROTEIN FAMILY";"CHEMBL1139445";"1";"Scientific Literature";"Bioorg. Med. Chem. Lett.";"2004";"None";""
"CHEMBL70766";"";"0";"573.05";"1";"2.28";"53";"O=C(O)[C@@H]1[C@@H](CC2CCNCC2)C(=O)N1C(=O)N1CCN(C(=O)CCCc2nc(-c3ccc(Cl)cc3)no2)CC1";"IC50";"'='";"5.0";"nM";"8.30";"";"";"UO_0000065";"14.49";"0.28";"6.02";"5.56";"0";"CHEMBL817289";"Inhibitory activity against human tryptase";"B";"BAO_0000224";"protein format";"None";"None";"None";"None";"None";"";"";"";"CHEMBL2095193";"Tryptase";"Homo sapiens";"PROTEIN FAMILY";"CHEMBL1147563";"1";"Scientific Literature";"Bioorg. Med. Chem. Lett.";"2004";"None";""
"CHEMBL308109";"";"0";"437.54";"0";"0.78";"16";"CC(C)(C)CNC(=O)N1CCN(C(=O)N2C(=O)[C@H](CC3CCNCC3)[C@H]2C(=O)O)CC1";"IC50";"'='";"30.0";"nM";"7.52";"";"";"UO_0000065";"17.19";"0.33";"6.74";"6.15";"0";"CHEMBL817288";"Inhibitory activity of compound against human tryptase was determined";"B";"BAO_0000224";"protein format";"None";"None";"None";"None";"None";"";"";"";"CHEMBL2095193";"Tryptase";"Homo sapiens";"PROTEIN FAMILY";"CHEMBL1147562";"1";"Scientific Literature";"Bioorg. Med. Chem. Lett.";"2004";"None";""
"CHEMBL104354";"";"0";"510.64";"1";"4.44";"8m";"NC1CCCc2ccc(NC(=O)CN3CCCCC(NC(=O)c4ccc(-c5ccccc5)cc4)C3=O)cc21";"IC50";"'>'";"33000.0";"nM";"";"";"";"UO_0000065";"";"";"";"";"0";"CHEMBL817287";"Inhibition of human tryptase.";"B";"BAO_0000224";"protein format";"None";"None";"None";"None";"None";"";"";"";"CHEMBL2095193";"Tryptase";"Homo sapiens";"PROTEIN FAMILY";"CHEMBL1139445";"1";"Scientific Literature";"Bioorg. Med. Chem. Lett.";"2004";"None";""
"CHEMBL70533";"";"0";"435.48";"0";"-1.17";"18";"O=C1CC[C@@H](C(=O)N2CCN(C(=O)N3C(=O)[C@H](CC4CCNCC4)[C@H]3C(=O)O)CC2)N1";"IC50";"'='";"170.0";"nM";"6.77";"";"";"UO_0000065";"15.55";"0.30";"7.94";"4.86";"0";"CHEMBL817289";"Inhibitory activity against human tryptase";"B";"BAO_0000224";"protein format";"None";"None";"None";"None";"None";"";"";"";"CHEMBL2095193";"Tryptase";"Homo sapiens";"PROTEIN FAMILY";"CHEMBL1147563";"1";"Scientific Literature";"Bioorg. Med. Chem. Lett.";"2004";"None";""
"CHEMBL104434";"";"0";"470.57";"0";"3.56";"8i";"NCc1ccccc1NC(=O)CN1CCCCC(NC(=O)c2ccc(-c3ccccc3)cc2)C1=O";"IC50";"'>'";"33000.0";"nM";"";"";"";"UO_0000065";"";"";"";"";"0";"CHEMBL817287";"Inhibition of human tryptase.";"B";"BAO_0000224";"protein format";"None";"None";"None";"None";"None";"";"";"";"CHEMBL2095193";"Tryptase";"Homo sapiens";"PROTEIN FAMILY";"CHEMBL1139445";"1";"Scientific Literature";"Bioorg. Med. Chem. Lett.";"2004";"None";""
"CHEMBL431557";"";"0";"520.59";"1";"2.66";"29";"O=C(O)[C@@H]1[C@@H](CC2CCNCC2)C(=O)N1C(=O)N1CCN(C(=O)c2ccc(Oc3ccccc3)cc2)CC1";"IC50";"'='";"7.0";"nM";"8.15";"";"";"UO_0000065";"15.66";"0.29";"5.49";"6.82";"0";"CHEMBL817289";"Inhibitory activity against human tryptase";"B";"BAO_0000224";"protein format";"None";"None";"None";"None";"None";"";"";"";"CHEMBL2095193";"Tryptase";"Homo sapiens";"PROTEIN FAMILY";"CHEMBL1147563";"1";"Scientific Literature";"Bioorg. Med. Chem. Lett.";"2004";"None";""
"CHEMBL306488";"";"0";"468.51";"0";"1.61";"21";"O=C(O)[C@@H]1[C@@H](CC2CCNCC2)C(=O)N1C(=O)N1CCN(C(=O)c2cc3ccccc3o2)CC1";"IC50";"'='";"21.0";"nM";"7.68";"";"";"UO_0000065";"16.39";"0.31";"6.07";"6.22";"0";"CHEMBL817289";"Inhibitory activity against human tryptase";"B";"BAO_0000224";"protein format";"None";"None";"None";"None";"None";"";"";"";"CHEMBL2095193";"Tryptase";"Homo sapiens";"PROTEIN FAMILY";"CHEMBL1147563";"1";"Scientific Literature";"Bioorg. Med. Chem. Lett.";"2004";"None";""
"CHEMBL70917";"";"0";"513.60";"1";"1.36";"49";"O=C(CCCC(=O)N1CCN(C(=O)N2C(=O)[C@H](CC3CCNCC3)[C@H]2C(=O)O)CC1)Nc1ccccc1";"IC50";"'='";"12.0";"nM";"7.92";"";"";"UO_0000065";"15.42";"0.29";"6.56";"5.68";"0";"CHEMBL817289";"Inhibitory activity against human tryptase";"B";"BAO_0000224";"protein format";"None";"None";"None";"None";"None";"";"";"";"CHEMBL2095193";"Tryptase";"Homo sapiens";"PROTEIN FAMILY";"CHEMBL1147563";"1";"Scientific Literature";"Bioorg. Med. Chem. Lett.";"2004";"None";""
"CHEMBL440515";"";"0";"540.67";"1";"1.96";"18a";"N=C(N)N1CCCC(C[C@H]2C(=O)N(C(=O)N3CCN(C(=O)CCCCCc4ccccc4)CC3)[C@@H]2C(=O)O)C1";"IC50";"'<'";"1.7";"nM";"";"";"";"UO_0000065";"";"";"";"";"0";"CHEMBL817298";"Inhibitory concentration against human tryptase";"B";"BAO_0000224";"protein format";"None";"None";"None";"None";"None";"";"";"";"CHEMBL2095193";"Tryptase";"Homo sapiens";"PROTEIN FAMILY";"CHEMBL1134958";"1";"Scientific Literature";"Bioorg. Med. Chem. Lett.";"2002";"None";""
"CHEMBL160602";"";"0";"485.35";"0";"3.13";"2a";"O=C(CCCC(=O)OCN1C(=O)c2ccccc2S1(=O)=O)NCc1ccc(Cl)c(Cl)c1";"IC50";"'='";"230.0";"nM";"6.64";"";"";"UO_0000065";"13.68";"0.29";"3.51";"6.04";"0";"CHEMBL873894";"Compound was tested for inhibition of human mast cell tryptase";"B";"BAO_0000224";"protein format";"Homo sapiens";"None";"None";"None";"None";"";"";"";"CHEMBL2095193";"Tryptase";"Homo sapiens";"PROTEIN FAMILY";"CHEMBL1132052";"1";"Scientific Literature";"Bioorg. Med. Chem. Lett.";"1999";"None";""
"CHEMBL302058";"";"0";"468.56";"0";"0.51";"9a";"CC(C)C(OC(=O)N1CCN(C(=O)N2C(=O)[C@H](CCCN=C(N)N)[C@H]2C(=O)O)CC1)C(C)C";"IC50";"'='";"4.0";"nM";"8.40";"";"";"UO_0000065";"17.92";"0.35";"7.89";"4.89";"1";"CHEMBL817298";"Inhibitory concentration against human tryptase";"B";"BAO_0000224";"protein format";"None";"None";"None";"None";"None";"";"";"";"CHEMBL2095193";"Tryptase";"Homo sapiens";"PROTEIN FAMILY";"CHEMBL1134958";"1";"Scientific Literature";"Bioorg. Med. Chem. Lett.";"2002";"None";""
"CHEMBL447534";"";"0";"541.65";"1";"1.36";"18e";"N=C(N)N1CCCC(C[C@H]2C(=O)N(C(=O)N3CCN(C(=O)CCCCCc4ccccn4)CC3)[C@@H]2C(=O)O)C1";"IC50";"'='";"4.6";"nM";"8.34";"";"";"UO_0000065";"15.39";"0.29";"6.98";"5.08";"0";"CHEMBL817298";"Inhibitory concentration against human tryptase";"B";"BAO_0000224";"protein format";"None";"None";"None";"None";"None";"";"";"";"CHEMBL2095193";"Tryptase";"Homo sapiens";"PROTEIN FAMILY";"CHEMBL1134958";"1";"Scientific Literature";"Bioorg. Med. Chem. Lett.";"2002";"None";""
"CHEMBL104601";"";"0";"484.60";"0";"3.49";"12d";"NCc1cccc(NC(=O)CN2CCCCC(NC(=O)Cc3ccc(-c4ccccc4)cc3)C2=O)c1";"IC50";"'='";"5200.0";"nM";"5.28";"";"";"UO_0000065";"10.90";"0.20";"1.79";"5.06";"0";"CHEMBL817287";"Inhibition of human tryptase.";"B";"BAO_0000224";"protein format";"None";"None";"None";"None";"None";"";"";"";"CHEMBL2095193";"Tryptase";"Homo sapiens";"PROTEIN FAMILY";"CHEMBL1139445";"1";"Scientific Literature";"Bioorg. Med. Chem. Lett.";"2004";"None";""
"CHEMBL419366";"";"0";"500.60";"1";"3.57";"8r";"COc1ccc(CN)cc1NC(=O)CN1CCCCC(NC(=O)c2ccc(-c3ccccc3)cc2)C1=O";"IC50";"'='";"890.0";"nM";"6.05";"";"";"UO_0000065";"12.09";"0.22";"2.48";"5.32";"0";"CHEMBL817287";"Inhibition of human tryptase.";"B";"BAO_0000224";"protein format";"None";"None";"None";"None";"None";"";"";"";"CHEMBL2095193";"Tryptase";"Homo sapiens";"PROTEIN FAMILY";"CHEMBL1139445";"1";"Scientific Literature";"Bioorg. Med. Chem. Lett.";"2004";"None";""
"CHEMBL302792";"";"0";"534.61";"1";"2.59";"30";"O=C(O)[C@@H]1[C@@H](CC2CCNCC2)C(=O)N1C(=O)N1CCN(C(=O)Cc2ccc(Oc3ccccc3)cc2)CC1";"IC50";"'='";"5.0";"nM";"8.30";"";"";"UO_0000065";"15.53";"0.29";"5.71";"6.95";"0";"CHEMBL817289";"Inhibitory activity against human tryptase";"B";"BAO_0000224";"protein format";"None";"None";"None";"None";"None";"";"";"";"CHEMBL2095193";"Tryptase";"Homo sapiens";"PROTEIN FAMILY";"CHEMBL1147563";"1";"Scientific Literature";"Bioorg. Med. Chem. Lett.";"2004";"None";""
"CHEMBL72279";"";"0";"466.58";"0";"1.84";"17";"CC(C)C(OC(=O)N1CCN(C(=O)N2C(=O)[C@H](CC3CCNCC3)[C@H]2C(=O)O)CC1)C(C)C";"IC50";"'='";"29.0";"nM";"7.54";"";"";"UO_0000065";"16.16";"0.31";"5.70";"6.31";"0";"CHEMBL817288";"Inhibitory activity of compound against human tryptase was determined";"B";"BAO_0000224";"protein format";"None";"None";"None";"None";"None";"";"";"";"CHEMBL2095193";"Tryptase";"Homo sapiens";"PROTEIN FAMILY";"CHEMBL1147562";"1";"Scientific Literature";"Bioorg. Med. Chem. Lett.";"2004";"None";""
"CHEMBL144359";"";"0";"453.47";"0";"3.10";"7w";"O=C(OCN1C(=O)c2ccccc2S1(=O)=O)c1ccc(OCCOc2ccccc2)cc1";"IC50";"'>'";"33000.0";"nM";"";"";"";"UO_0000065";"";"";"";"";"0";"CHEMBL817290";"Inhibitory activity was measured against human mast cell tryptase.";"B";"BAO_0000224";"protein format";"None";"None";"None";"None";"None";"";"";"";"CHEMBL2095193";"Tryptase";"Homo sapiens";"PROTEIN FAMILY";"CHEMBL1131519";"1";"Scientific Literature";"J. Med. Chem.";"1998";"None";""
"CHEMBL109888";"";"0";"430.49";"0";"1.22";"10";"N=C(N)NCCC[C@H]1C(=O)N(S(=O)(=O)c2ccc(-c3ccccc3)cc2)[C@@H]1C(=O)O";"IC50";"'='";"1.0";"nM";"9.00";"";"";"UO_0000065";"20.91";"0.41";"7.78";"5.86";"0";"CHEMBL697873";"In vitro inhibition of human tryptase.";"B";"BAO_0000224";"protein format";"Homo sapiens";"None";"None";"None";"None";"";"";"";"CHEMBL2095193";"Tryptase";"Homo sapiens";"PROTEIN FAMILY";"CHEMBL1134957";"1";"Scientific Literature";"Bioorg. Med. Chem. Lett.";"2002";"None";""
"CHEMBL70738";"";"0";"540.67";"1";"1.96";"3, BMS-363130";"N=C(N)N1CCC[C@@H](C[C@H]2C(=O)N(C(=O)N3CCN(C(=O)CCCCCc4ccccc4)CC3)[C@@H]2C(=O)O)C1";"IC50";"'<'";"1.7";"nM";"";"";"";"UO_0000065";"";"";"";"";"0";"CHEMBL817288";"Inhibitory activity of compound against human tryptase was determined";"B";"BAO_0000224";"protein format";"None";"None";"None";"None";"None";"";"";"";"CHEMBL2095193";"Tryptase";"Homo sapiens";"PROTEIN FAMILY";"CHEMBL1147562";"1";"Scientific Literature";"Bioorg. Med. Chem. Lett.";"2004";"None";""
"CHEMBL107226";"";"0";"464.61";"0";"3.10";"8c";"NCCCCCCNC(=O)CN1CCCCC(NC(=O)c2ccc(-c3ccccc3)cc2)C1=O";"IC50";"'>'";"33000.0";"nM";"";"";"";"UO_0000065";"";"";"";"";"0";"CHEMBL817287";"Inhibition of human tryptase.";"B";"BAO_0000224";"protein format";"None";"None";"None";"None";"None";"";"";"";"CHEMBL2095193";"Tryptase";"Homo sapiens";"PROTEIN FAMILY";"CHEMBL1139445";"1";"Scientific Literature";"Bioorg. Med. Chem. Lett.";"2004";"None";""
"CHEMBL106183";"";"0";"526.68";"1";"4.95";"8p";"CCN(CC)Cc1cccc(NC(=O)CN2CCCCC(NC(=O)c3ccc(-c4ccccc4)cc3)C2=O)c1";"IC50";"'>'";"33000.0";"nM";"";"";"";"UO_0000065";"";"";"";"";"0";"CHEMBL817287";"Inhibition of human tryptase.";"B";"BAO_0000224";"protein format";"None";"None";"None";"None";"None";"";"";"";"CHEMBL2095193";"Tryptase";"Homo sapiens";"PROTEIN FAMILY";"CHEMBL1139445";"1";"Scientific Literature";"Bioorg. Med. Chem. Lett.";"2004";"None";""
"CHEMBL305738";"";"0";"484.60";"0";"1.96";"45";"O=C(O)[C@@H]1[C@@H](CC2CCNCC2)C(=O)N1C(=O)N1CCN(C(=O)CCCCc2ccccc2)CC1";"IC50";"'='";"6.0";"nM";"8.22";"";"";"UO_0000065";"16.97";"0.32";"6.26";"7.46";"0";"CHEMBL817289";"Inhibitory activity against human tryptase";"B";"BAO_0000224";"protein format";"None";"None";"None";"None";"None";"";"";"";"CHEMBL2095193";"Tryptase";"Homo sapiens";"PROTEIN FAMILY";"CHEMBL1147563";"1";"Scientific Literature";"Bioorg. Med. Chem. Lett.";"2004";"None";""
"CHEMBL104064";"";"0";"484.60";"0";"3.87";"8s";"Cc1ccc(CN)cc1NC(=O)CN1CCCCC(NC(=O)c2ccc(-c3ccccc3)cc2)C1=O";"IC50";"'='";"74.0";"nM";"7.13";"";"";"UO_0000065";"14.71";"0.27";"3.26";"6.82";"0";"CHEMBL817287";"Inhibition of human tryptase.";"B";"BAO_0000224";"protein format";"None";"None";"None";"None";"None";"";"";"";"CHEMBL2095193";"Tryptase";"Homo sapiens";"PROTEIN FAMILY";"CHEMBL1139445";"1";"Scientific Literature";"Bioorg. Med. Chem. Lett.";"2004";"None";""
"CHEMBL320659";"";"0";"498.63";"0";"4.12";"12b";"CCc1ccc(-c2ccc(C(=O)NC3CCCCN(CC(=O)Nc4cccc(CN)c4)C3=O)cc2)cc1";"IC50";"'='";"2900.0";"nM";"5.54";"";"";"UO_0000065";"11.11";"0.20";"1.42";"5.30";"0";"CHEMBL817287";"Inhibition of human tryptase.";"B";"BAO_0000224";"protein format";"None";"None";"None";"None";"None";"";"";"";"CHEMBL2095193";"Tryptase";"Homo sapiens";"PROTEIN FAMILY";"CHEMBL1139445";"1";"Scientific Literature";"Bioorg. Med. Chem. Lett.";"2004";"None";""
"CHEMBL69558";"";"0";"543.62";"1";"1.26";"50";"O=C(NCCCC(=O)N1CCN(C(=O)N2C(=O)[C@H](CC3CCNCC3)[C@H]2C(=O)O)CC1)OCc1ccccc1";"IC50";"'='";"6.0";"nM";"8.22";"";"";"UO_0000065";"15.12";"0.29";"6.96";"5.53";"0";"CHEMBL817289";"Inhibitory activity against human tryptase";"B";"BAO_0000224";"protein format";"None";"None";"None";"None";"None";"";"";"";"CHEMBL2095193";"Tryptase";"Homo sapiens";"PROTEIN FAMILY";"CHEMBL1147563";"1";"Scientific Literature";"Bioorg. Med. Chem. Lett.";"2004";"None";""
"CHEMBL71037";"";"0";"425.49";"0";"-0.80";"2 (21a)";"CC(C)(C)NC(=O)N1CCN(C(=O)N2C(=O)[C@H](CCCN=C(N)N)[C@H]2C(=O)O)CC1";"IC50";"'='";"4.0";"nM";"8.40";"";"";"UO_0000065";"19.74";"0.38";"9.20";"4.81";"1";"CHEMBL697873";"In vitro inhibition of human tryptase.";"B";"BAO_0000224";"protein format";"Homo sapiens";"None";"None";"None";"None";"";"";"";"CHEMBL2095193";"Tryptase";"Homo sapiens";"PROTEIN FAMILY";"CHEMBL1134957";"1";"Scientific Literature";"Bioorg. Med. Chem. Lett.";"2002";"None";""
"CHEMBL107690";"";"0";"484.60";"0";"3.82";"8o";"CNCc1cccc(NC(=O)CN2CCCCC(NC(=O)c3ccc(-c4ccccc4)cc3)C2=O)c1";"IC50";"'>'";"33000.0";"nM";"";"";"";"UO_0000065";"";"";"";"";"0";"CHEMBL817287";"Inhibition of human tryptase.";"B";"BAO_0000224";"protein format";"None";"None";"None";"None";"None";"";"";"";"CHEMBL2095193";"Tryptase";"Homo sapiens";"PROTEIN FAMILY";"CHEMBL1139445";"1";"Scientific Literature";"Bioorg. Med. Chem. Lett.";"2004";"None";""
"CHEMBL104309";"";"0";"450.58";"0";"2.71";"8b";"NCCCCCNC(=O)CN1CCCCC(NC(=O)c2ccc(-c3ccccc3)cc2)C1=O";"IC50";"'='";"12000.0";"nM";"4.92";"";"";"UO_0000065";"10.92";"0.20";"2.21";"4.71";"0";"CHEMBL817287";"Inhibition of human tryptase.";"B";"BAO_0000224";"protein format";"None";"None";"None";"None";"None";"";"";"";"CHEMBL2095193";"Tryptase";"Homo sapiens";"PROTEIN FAMILY";"CHEMBL1139445";"1";"Scientific Literature";"Bioorg. Med. Chem. Lett.";"2004";"None";""
"CHEMBL321378";"";"0";"470.57";"0";"3.36";"8f";"Nc1cccc(CNC(=O)CN2CCCCC(NC(=O)c3ccc(-c4ccccc4)cc3)C2=O)c1";"IC50";"'>'";"33000.0";"nM";"";"";"";"UO_0000065";"";"";"";"";"0";"CHEMBL817287";"Inhibition of human tryptase.";"B";"BAO_0000224";"protein format";"None";"None";"None";"None";"None";"";"";"";"CHEMBL2095193";"Tryptase";"Homo sapiens";"PROTEIN FAMILY";"CHEMBL1139445";"1";"Scientific Literature";"Bioorg. Med. Chem. Lett.";"2004";"None";""
"CHEMBL106146";"";"0";"476.62";"0";"3.10";"8d";"NCC1CCC(NC(=O)CN2CCCCC(NC(=O)c3ccc(-c4ccccc4)cc3)C2=O)CC1";"IC50";"'='";"12000.0";"nM";"4.92";"";"";"UO_0000065";"10.32";"0.19";"1.82";"4.71";"0";"CHEMBL817287";"Inhibition of human tryptase.";"B";"BAO_0000224";"protein format";"None";"None";"None";"None";"None";"";"";"";"CHEMBL2095193";"Tryptase";"Homo sapiens";"PROTEIN FAMILY";"CHEMBL1139445";"1";"Scientific Literature";"Bioorg. Med. Chem. Lett.";"2004";"None";""
"CHEMBL321466";"";"0";"498.63";"0";"3.80";"12k";"NCc1cccc(NC(=O)CN2CCCCC(NC(=O)CC(c3ccccc3)c3ccccc3)C2=O)c1";"IC50";"'='";"200.0";"nM";"6.70";"";"";"UO_0000065";"13.43";"0.25";"2.90";"6.41";"0";"CHEMBL817287";"Inhibition of human tryptase.";"B";"BAO_0000224";"protein format";"None";"None";"None";"None";"None";"";"";"";"CHEMBL2095193";"Tryptase";"Homo sapiens";"PROTEIN FAMILY";"CHEMBL1139445";"1";"Scientific Literature";"Bioorg. Med. Chem. Lett.";"2004";"None";""
"CHEMBL429029";"";"0";"470.57";"0";"1.49";"43";"Cc1cccc(CCC(=O)N2CCN(C(=O)N3C(=O)[C@H](CC4CCNCC4)[C@H]3C(=O)O)CC2)c1";"IC50";"'='";"13.0";"nM";"7.89";"";"";"UO_0000065";"16.76";"0.32";"6.40";"7.15";"0";"CHEMBL817289";"Inhibitory activity against human tryptase";"B";"BAO_0000224";"protein format";"None";"None";"None";"None";"None";"";"";"";"CHEMBL2095193";"Tryptase";"Homo sapiens";"PROTEIN FAMILY";"CHEMBL1147563";"1";"Scientific Literature";"Bioorg. Med. Chem. Lett.";"2004";"None";""
"CHEMBL432789";"";"0";"476.62";"0";"3.94";"12f";"NCc1cccc(NC(=O)CN2CCCCC(NC(=O)c3ccc(C4CCCCC4)cc3)C2=O)c1";"IC50";"'='";"980.0";"nM";"6.01";"";"";"UO_0000065";"12.61";"0.23";"2.07";"5.75";"0";"CHEMBL817287";"Inhibition of human tryptase.";"B";"BAO_0000224";"protein format";"None";"None";"None";"None";"None";"";"";"";"CHEMBL2095193";"Tryptase";"Homo sapiens";"PROTEIN FAMILY";"CHEMBL1139445";"1";"Scientific Literature";"Bioorg. Med. Chem. Lett.";"2004";"None";""
"CHEMBL145238";"";"0";"426.49";"0";"2.42";"7j";"CC(C)(C)OC(=O)NCCCCCC(=O)OCN1C(=O)c2ccccc2S1(=O)=O";"IC50";"'='";"5370.0";"nM";"5.27";"";"";"UO_0000065";"12.36";"0.25";"2.85";"4.43";"0";"CHEMBL817290";"Inhibitory activity was measured against human mast cell tryptase.";"B";"BAO_0000224";"protein format";"None";"None";"None";"None";"None";"";"";"";"CHEMBL2095193";"Tryptase";"Homo sapiens";"PROTEIN FAMILY";"CHEMBL1131519";"1";"Scientific Literature";"J. Med. Chem.";"1998";"None";""
"CHEMBL321622";"";"0";"426.47";"0";"-0.38";"20a";"CC(C)(C)OC(=O)N1CCN(C(=O)N2C(=O)[C@H](CCCN=C(N)N)[C@H]2C(=O)O)CC1";"IC50";"'='";"4.0";"nM";"8.40";"";"";"UO_0000065";"19.69";"0.38";"8.78";"4.89";"0";"CHEMBL697873";"In vitro inhibition of human tryptase.";"B";"BAO_0000224";"protein format";"Homo sapiens";"None";"None";"None";"None";"";"";"";"CHEMBL2095193";"Tryptase";"Homo sapiens";"PROTEIN FAMILY";"CHEMBL1134957";"1";"Scientific Literature";"Bioorg. Med. Chem. Lett.";"2002";"None";""
"CHEMBL111141";"";"0";"339.40";"0";"0.20";"8c";"N=C(N)NCCC[C@H]1C(=O)N(C(=O)NC2CCCCC2)[C@@H]1C(=O)O";"IC50";"'='";"18.0";"nM";"7.75";"";"";"UO_0000065";"22.82";"0.44";"7.54";"5.21";"0";"CHEMBL697873";"In vitro inhibition of human tryptase.";"B";"BAO_0000224";"protein format";"Homo sapiens";"None";"None";"None";"None";"";"";"";"CHEMBL2095193";"Tryptase";"Homo sapiens";"PROTEIN FAMILY";"CHEMBL1134957";"1";"Scientific Literature";"Bioorg. Med. Chem. Lett.";"2002";"None";""
"CHEMBL443539";"";"0";"324.36";"0";"0.06";"9b";"N=C(N)NCCC[C@H]1C(=O)N(C(=O)c2cccs2)[C@@H]1C(=O)O";"IC50";"'='";"1.0";"nM";"9.00";"";"";"UO_0000065";"27.75";"0.56";"8.94";"6.59";"0";"CHEMBL697873";"In vitro inhibition of human tryptase.";"B";"BAO_0000224";"protein format";"Homo sapiens";"None";"None";"None";"None";"";"";"";"CHEMBL2095193";"Tryptase";"Homo sapiens";"PROTEIN FAMILY";"CHEMBL1134957";"1";"Scientific Literature";"Bioorg. Med. Chem. Lett.";"2002";"None";""
"CHEMBL144342";"";"0";"466.47";"0";"3.39";"7n";"O=C(Nc1ccc(C(=O)OCN2C(=O)c3ccccc3S2(=O)=O)cc1)OCc1ccccc1";"IC50";"'='";"64.3";"nM";"7.19";"";"";"UO_0000065";"15.42";"0.30";"3.80";"6.04";"0";"CHEMBL817290";"Inhibitory activity was measured against human mast cell tryptase.";"B";"BAO_0000224";"protein format";"None";"None";"None";"None";"None";"";"";"";"CHEMBL2095193";"Tryptase";"Homo sapiens";"PROTEIN FAMILY";"CHEMBL1131519";"1";"Scientific Literature";"J. Med. Chem.";"1998";"None";""
"CHEMBL322538";"";"0";"474.52";"0";"0.28";"20c";"N=C(N)NCCC[C@H]1C(=O)N(C(=O)N2CCN(C(=O)OCCc3ccccc3)CC2)[C@@H]1C(=O)O";"IC50";"'='";"0.7";"nM";"9.15";"";"";"UO_0000065";"19.29";"0.37";"8.87";"5.41";"0";"CHEMBL697873";"In vitro inhibition of human tryptase.";"B";"BAO_0000224";"protein format";"Homo sapiens";"None";"None";"None";"None";"";"";"";"CHEMBL2095193";"Tryptase";"Homo sapiens";"PROTEIN FAMILY";"CHEMBL1134957";"1";"Scientific Literature";"Bioorg. Med. Chem. Lett.";"2002";"None";""
"CHEMBL71377";"";"0";"479.54";"0";"1.41";"20";"O=C(O)[C@@H]1[C@@H](CC2CCNCC2)C(=O)N1C(=O)N1CCN(C(=O)c2ccc3ccccc3n2)CC1";"IC50";"'='";"110.0";"nM";"6.96";"";"";"UO_0000065";"14.51";"0.27";"5.55";"5.65";"0";"CHEMBL817289";"Inhibitory activity against human tryptase";"B";"BAO_0000224";"protein format";"None";"None";"None";"None";"None";"";"";"";"CHEMBL2095193";"Tryptase";"Homo sapiens";"PROTEIN FAMILY";"CHEMBL1147563";"1";"Scientific Literature";"Bioorg. Med. Chem. Lett.";"2004";"None";""
"CHEMBL70155";"";"0";"423.51";"0";"0.53";"3";"CC(C)(C)NC(=O)N1CCN(C(=O)N2C(=O)[C@H](CC3CCNCC3)[C@H]2C(=O)O)CC1";"IC50";"'='";"30.0";"nM";"7.52";"";"";"UO_0000065";"17.76";"0.34";"6.99";"6.15";"0";"CHEMBL817289";"Inhibitory activity against human tryptase";"B";"BAO_0000224";"protein format";"None";"None";"None";"None";"None";"";"";"";"CHEMBL2095193";"Tryptase";"Homo sapiens";"PROTEIN FAMILY";"CHEMBL1147563";"1";"Scientific Literature";"Bioorg. Med. Chem. Lett.";"2004";"None";""
"CHEMBL157487";"";"0";"446.48";"0";"1.83";"2b";"COc1ccc(CNC(=O)CCCC(=O)OCN2C(=O)c3ccccc3S2(=O)=O)cc1";"IC50";"'='";"430.0";"nM";"6.37";"";"";"UO_0000065";"14.26";"0.28";"4.54";"5.35";"0";"CHEMBL873894";"Compound was tested for inhibition of human mast cell tryptase";"B";"BAO_0000224";"protein format";"Homo sapiens";"None";"None";"None";"None";"";"";"";"CHEMBL2095193";"Tryptase";"Homo sapiens";"PROTEIN FAMILY";"CHEMBL1132052";"1";"Scientific Literature";"Bioorg. Med. Chem. Lett.";"1999";"None";""
"CHEMBL72626";"";"0";"588.75";"1";"4.66";"40";"CCCCCCc1ccc(-c2ccc(C(=O)N3CCN(C(=O)N4C(=O)[C@H](CC5CCNCC5)[C@H]4C(=O)O)CC3)cc2)cc1";"IC50";"'='";"120.0";"nM";"6.92";"";"";"UO_0000065";"11.76";"0.22";"2.26";"6.28";"0";"CHEMBL817289";"Inhibitory activity against human tryptase";"B";"BAO_0000224";"protein format";"None";"None";"None";"None";"None";"";"";"";"CHEMBL2095193";"Tryptase";"Homo sapiens";"PROTEIN FAMILY";"CHEMBL1147563";"1";"Scientific Literature";"Bioorg. Med. Chem. Lett.";"2004";"None";""
"CHEMBL424233";"";"0";"520.59";"1";"2.66";"37";"O=C(O)[C@@H]1[C@@H](CC2CCNCC2)C(=O)N1C(=O)N1CCN(C(=O)c2cccc(Oc3ccccc3)c2)CC1";"IC50";"'='";"15.0";"nM";"7.82";"";"";"UO_0000065";"15.03";"0.28";"5.16";"6.55";"0";"CHEMBL817289";"Inhibitory activity against human tryptase";"B";"BAO_0000224";"protein format";"None";"None";"None";"None";"None";"";"";"";"CHEMBL2095193";"Tryptase";"Homo sapiens";"PROTEIN FAMILY";"CHEMBL1147563";"1";"Scientific Literature";"Bioorg. Med. Chem. Lett.";"2004";"None";""
"CHEMBL303829";"";"0";"496.61";"0";"1.67";"24";"O=C(O)[C@@H]1[C@@H](CC2CCNCC2)C(=O)N1C(=O)N1CCN(C(=O)Cc2ccc3c(c2)CCCC3)CC1";"IC50";"'='";"30.0";"nM";"7.52";"";"";"UO_0000065";"15.15";"0.29";"5.85";"6.82";"0";"CHEMBL817289";"Inhibitory activity against human tryptase";"B";"BAO_0000224";"protein format";"None";"None";"None";"None";"None";"";"";"";"CHEMBL2095193";"Tryptase";"Homo sapiens";"PROTEIN FAMILY";"CHEMBL1147563";"1";"Scientific Literature";"Bioorg. Med. Chem. Lett.";"2004";"None";""
"CHEMBL305457";"";"0";"534.61";"1";"2.59";"38";"O=C(O)[C@@H]1[C@@H](CC2CCNCC2)C(=O)N1C(=O)N1CCN(C(=O)Cc2cccc(Oc3ccccc3)c2)CC1";"IC50";"'='";"17.0";"nM";"7.77";"";"";"UO_0000065";"14.53";"0.27";"5.18";"6.50";"0";"CHEMBL817289";"Inhibitory activity against human tryptase";"B";"BAO_0000224";"protein format";"None";"None";"None";"None";"None";"";"";"";"CHEMBL2095193";"Tryptase";"Homo sapiens";"PROTEIN FAMILY";"CHEMBL1147563";"1";"Scientific Literature";"Bioorg. Med. Chem. Lett.";"2004";"None";""
"CHEMBL423308";"";"0";"524.58";"1";"0.98";"41";"CC1=NN(c2ccc(C(=O)N3CCN(C(=O)N4C(=O)[C@H](CC5CCNCC5)[C@H]4C(=O)O)CC3)cc2)C(=O)C1";"IC50";"'='";"380.0";"nM";"6.42";"";"";"UO_0000065";"12.24";"0.23";"5.44";"4.49";"0";"CHEMBL817289";"Inhibitory activity against human tryptase";"B";"BAO_0000224";"protein format";"None";"None";"None";"None";"None";"";"";"";"CHEMBL2095193";"Tryptase";"Homo sapiens";"PROTEIN FAMILY";"CHEMBL1147563";"1";"Scientific Literature";"Bioorg. Med. Chem. Lett.";"2004";"None";""
"CHEMBL324621";"";"0";"508.62";"1";"1.45";"9f (Diastereomer of 9d)";"CC(C)C(OC(=O)N1CCN(C(=O)N2C(=O)[C@H](CC3CCCN(C(=N)N)C3)[C@H]2C(=O)O)CC1)C(C)C";"IC50";"'='";"204.0";"nM";"6.69";"";"";"UO_0000065";"13.15";"0.25";"5.24";"4.17";"0";"CHEMBL817298";"Inhibitory concentration against human tryptase";"B";"BAO_0000224";"protein format";"None";"None";"None";"None";"None";"";"";"";"CHEMBL2095193";"Tryptase";"Homo sapiens";"PROTEIN FAMILY";"CHEMBL1134958";"1";"Scientific Literature";"Bioorg. Med. Chem. Lett.";"2002";"None";""
"CHEMBL107791";"";"0";"445.52";"0";"2.44";"12j";"NCc1cccc(NC(=O)CN2CCCCC(NC(=O)c3cnc4ccccc4c3)C2=O)c1";"IC50";"'='";"15000.0";"nM";"4.82";"";"";"UO_0000065";"10.83";"0.20";"2.38";"4.11";"0";"CHEMBL817287";"Inhibition of human tryptase.";"B";"BAO_0000224";"protein format";"None";"None";"None";"None";"None";"";"";"";"CHEMBL2095193";"Tryptase";"Homo sapiens";"PROTEIN FAMILY";"CHEMBL1139445";"1";"Scientific Literature";"Bioorg. Med. Chem. Lett.";"2004";"None";""
"CHEMBL144669";"";"0";"465.49";"0";"2.97";"7s";"O=C(NCc1ccccc1)Nc1ccc(C(=O)OCN2C(=O)c3ccccc3S2(=O)=O)cc1";"IC50";"'='";"950.0";"nM";"6.02";"";"";"UO_0000065";"12.94";"0.25";"3.05";"4.94";"0";"CHEMBL817290";"Inhibitory activity was measured against human mast cell tryptase.";"B";"BAO_0000224";"protein format";"None";"None";"None";"None";"None";"";"";"";"CHEMBL2095193";"Tryptase";"Homo sapiens";"PROTEIN FAMILY";"CHEMBL1131519";"1";"Scientific Literature";"J. Med. Chem.";"1998";"None";""
"CHEMBL322526";"";"0";"425.49";"0";"-0.97";"25a";"CC(C)(C)OC(=O)N1CCN(C(=O)N2C(=O)[C@H](CCCN=C(N)N)[C@H]2C(N)=O)CC1";"IC50";"'='";"0.4";"nM";"9.40";"";"";"UO_0000065";"22.09";"0.43";"10.37";"5.29";"0";"CHEMBL697873";"In vitro inhibition of human tryptase.";"B";"BAO_0000224";"protein format";"Homo sapiens";"None";"None";"None";"None";"";"";"";"CHEMBL2095193";"Tryptase";"Homo sapiens";"PROTEIN FAMILY";"CHEMBL1134957";"1";"Scientific Literature";"Bioorg. Med. Chem. Lett.";"2002";"None";""
"CHEMBL109947";"";"0";"425.49";"0";"-0.85";"21b";"CCN(CC)C(=O)N1CCN(C(=O)N2C(=O)[C@H](CCCN=C(N)N)[C@H]2C(=O)O)CC1";"IC50";"'='";"5.0";"nM";"8.30";"";"";"UO_0000065";"19.51";"0.38";"9.15";"5.00";"0";"CHEMBL697873";"In vitro inhibition of human tryptase.";"B";"BAO_0000224";"protein format";"Homo sapiens";"None";"None";"None";"None";"";"";"";"CHEMBL2095193";"Tryptase";"Homo sapiens";"PROTEIN FAMILY";"CHEMBL1134957";"1";"Scientific Literature";"Bioorg. Med. Chem. Lett.";"2002";"None";""
"CHEMBL305877";"";"0";"504.59";"1";"2.53";"35";"O=C(O)[C@@H]1[C@@H](CC2CCNCC2)C(=O)N1C(=O)N1CCN(C(=O)c2ccccc2-c2ccccc2)CC1";"IC50";"'='";"42.0";"nM";"7.38";"";"";"UO_0000065";"14.62";"0.27";"4.85";"6.69";"0";"CHEMBL817289";"Inhibitory activity against human tryptase";"B";"BAO_0000224";"protein format";"None";"None";"None";"None";"None";"";"";"";"CHEMBL2095193";"Tryptase";"Homo sapiens";"PROTEIN FAMILY";"CHEMBL1147563";"1";"Scientific Literature";"Bioorg. Med. Chem. Lett.";"2004";"None";""
"CHEMBL69394";"";"0";"548.64";"1";"2.37";"32";"O=C(O)[C@@H]1[C@@H](CC2CCNCC2)C(=O)N1C(=O)N1CCN(C(=O)Cc2ccc(OCc3ccccc3)cc2)CC1";"IC50";"'='";"1.0";"nM";"9.00";"";"";"UO_0000065";"16.40";"0.31";"6.63";"7.53";"0";"CHEMBL817289";"Inhibitory activity against human tryptase";"B";"BAO_0000224";"protein format";"None";"None";"None";"None";"None";"";"";"";"CHEMBL2095193";"Tryptase";"Homo sapiens";"PROTEIN FAMILY";"CHEMBL1147563";"1";"Scientific Literature";"Bioorg. Med. Chem. Lett.";"2004";"None";""
"CHEMBL419449";"";"0";"512.65";"1";"2.75";"47";"O=C(O)[C@@H]1[C@@H](CC2CCNCC2)C(=O)N1C(=O)N1CCN(C(=O)CCCCCCc2ccccc2)CC1";"IC50";"'='";"5.0";"nM";"8.30";"";"";"UO_0000065";"16.19";"0.31";"5.55";"7.53";"0";"CHEMBL817289";"Inhibitory activity against human tryptase";"B";"BAO_0000224";"protein format";"None";"None";"None";"None";"None";"";"";"";"CHEMBL2095193";"Tryptase";"Homo sapiens";"PROTEIN FAMILY";"CHEMBL1147563";"1";"Scientific Literature";"Bioorg. Med. Chem. Lett.";"2004";"None";""
"CHEMBL306696";"";"0";"488.59";"0";"2.15";"30";"CC(C)C(OC(=O)N1CCN(C(=O)N2C(=O)[C@H](Cc3cccc(CN)c3)[C@H]2C(=O)O)CC1)C(C)C";"IC50";"'='";"19.0";"nM";"7.72";"";"";"UO_0000065";"15.80";"0.30";"5.57";"5.78";"0";"CHEMBL817288";"Inhibitory activity of compound against human tryptase was determined";"B";"BAO_0000224";"protein format";"None";"None";"None";"None";"None";"";"";"";"CHEMBL2095193";"Tryptase";"Homo sapiens";"PROTEIN FAMILY";"CHEMBL1147562";"1";"Scientific Literature";"Bioorg. Med. Chem. Lett.";"2004";"None";""
"CHEMBL113591";"";"0";"555.68";"1";"1.71";"18c";"CN(CCCCc1ccccc1)C(=O)N1CCN(C(=O)N2C(=O)[C@H](CC3CCCN(C(=N)N)C3)[C@H]2C(=O)O)CC1";"IC50";"'='";"6.0";"nM";"8.22";"";"";"UO_0000065";"14.80";"0.28";"6.51";"5.32";"0";"CHEMBL817298";"Inhibitory concentration against human tryptase";"B";"BAO_0000224";"protein format";"None";"None";"None";"None";"None";"";"";"";"CHEMBL2095193";"Tryptase";"Homo sapiens";"PROTEIN FAMILY";"CHEMBL1134958";"1";"Scientific Literature";"Bioorg. Med. Chem. Lett.";"2002";"None";""
"CHEMBL111630";"";"0";"544.61";"1";"1.24";"18f";"N=C(N)N1CCCC(C[C@H]2C(=O)N(C(=O)N3CCN(C(=O)OCCCOc4ccccc4)CC3)[C@@H]2C(=O)O)C1";"IC50";"'<'";"1.7";"nM";"";"";"";"UO_0000065";"";"";"";"";"0";"CHEMBL817298";"Inhibitory concentration against human tryptase";"B";"BAO_0000224";"protein format";"None";"None";"None";"None";"None";"";"";"";"CHEMBL2095193";"Tryptase";"Homo sapiens";"PROTEIN FAMILY";"CHEMBL1134958";"1";"Scientific Literature";"Bioorg. Med. Chem. Lett.";"2002";"None";""
"CHEMBL111548";"";"0";"430.47";"0";"-0.26";"22c";"N=C(N)NCCC[C@H]1C(=O)N(C(=O)N2CCN(C(=O)c3ccccc3)CC2)[C@@H]1C(=O)O";"IC50";"'='";"5.2";"nM";"8.28";"";"";"UO_0000065";"19.24";"0.36";"8.54";"5.17";"0";"CHEMBL697873";"In vitro inhibition of human tryptase.";"B";"BAO_0000224";"protein format";"Homo sapiens";"None";"None";"None";"None";"";"";"";"CHEMBL2095193";"Tryptase";"Homo sapiens";"PROTEIN FAMILY";"CHEMBL1134957";"1";"Scientific Literature";"Bioorg. Med. Chem. Lett.";"2002";"None";""
"CHEMBL107493";"";"0";"493.61";"0";"0.55";"25c";"CC(C)(C)OC(=O)N1CCN(C(=O)N2C(=O)[C@H](CCCN=C(N)N)[C@H]2C(=O)N2CCCCC2)CC1";"IC50";"'='";"3.0";"nM";"8.52";"";"";"UO_0000065";"17.27";"0.33";"7.97";"5.50";"0";"CHEMBL697873";"In vitro inhibition of human tryptase.";"B";"BAO_0000224";"protein format";"Homo sapiens";"None";"None";"None";"None";"";"";"";"CHEMBL2095193";"Tryptase";"Homo sapiens";"PROTEIN FAMILY";"CHEMBL1134957";"1";"Scientific Literature";"Bioorg. Med. Chem. Lett.";"2002";"None";""
"CHEMBL111250";"";"0";"394.43";"0";"1.67";"9c";"N=C(N)NCCC[C@H]1C(=O)N(C(=O)c2ccc(-c3ccccc3)cc2)[C@@H]1C(=O)O";"IC50";"'='";"1.0";"nM";"9.00";"";"";"UO_0000065";"22.82";"0.42";"7.33";"6.59";"0";"CHEMBL697873";"In vitro inhibition of human tryptase.";"B";"BAO_0000224";"protein format";"Homo sapiens";"None";"None";"None";"None";"";"";"";"CHEMBL2095193";"Tryptase";"Homo sapiens";"PROTEIN FAMILY";"CHEMBL1134957";"1";"Scientific Literature";"Bioorg. Med. Chem. Lett.";"2002";"None";""
"CHEMBL306448";"";"0";"512.65";"1";"2.75";"4, BMS-354326";"O=C(O)[C@@H]1[C@@H](CCC2CCCNC2)C(=O)N1C(=O)N1CCN(C(=O)CCCCCc2ccccc2)CC1";"IC50";"'='";"1.8";"nM";"8.74";"";"";"UO_0000065";"17.06";"0.32";"5.99";"7.93";"0";"CHEMBL817288";"Inhibitory activity of compound against human tryptase was determined";"B";"BAO_0000224";"protein format";"None";"None";"None";"None";"None";"";"";"";"CHEMBL2095193";"Tryptase";"Homo sapiens";"PROTEIN FAMILY";"CHEMBL1147562";"1";"Scientific Literature";"Bioorg. Med. Chem. Lett.";"2004";"None";""
"CHEMBL356570";"";"0";"519.49";"1";"1.15";"7k";"O=C(O)CCN(C(=O)CNC(=O)OCN1C(=O)c2ccccc2S1(=O)=O)C(=O)OCc1ccccc1";"IC50";"'='";"255.0";"nM";"6.59";"";"";"UO_0000065";"12.69";"0.25";"5.44";"3.73";"0";"CHEMBL817290";"Inhibitory activity was measured against human mast cell tryptase.";"B";"BAO_0000224";"protein format";"None";"None";"None";"None";"None";"";"";"";"CHEMBL2095193";"Tryptase";"Homo sapiens";"PROTEIN FAMILY";"CHEMBL1131519";"1";"Scientific Literature";"J. Med. Chem.";"1998";"None";""
"CHEMBL71037";"";"0";"425.49";"0";"-0.80";"1, BMS-262084";"CC(C)(C)NC(=O)N1CCN(C(=O)N2C(=O)[C@H](CCCN=C(N)N)[C@H]2C(=O)O)CC1";"IC50";"'='";"4.0";"nM";"8.40";"";"";"UO_0000065";"19.74";"0.38";"9.20";"4.81";"0";"CHEMBL817288";"Inhibitory activity of compound against human tryptase was determined";"B";"BAO_0000224";"protein format";"None";"None";"None";"None";"None";"";"";"";"CHEMBL2095193";"Tryptase";"Homo sapiens";"PROTEIN FAMILY";"CHEMBL1147562";"1";"Scientific Literature";"Bioorg. Med. Chem. Lett.";"2004";"None";""
"CHEMBL73215";"";"0";"504.59";"1";"2.53";"27";"O=C(O)[C@@H]1[C@@H](CC2CCNCC2)C(=O)N1C(=O)N1CCN(C(=O)c2ccc(-c3ccccc3)cc2)CC1";"IC50";"'='";"6.0";"nM";"8.22";"";"";"UO_0000065";"16.29";"0.30";"5.69";"7.46";"0";"CHEMBL817289";"Inhibitory activity against human tryptase";"B";"BAO_0000224";"protein format";"None";"None";"None";"None";"None";"";"";"";"CHEMBL2095193";"Tryptase";"Homo sapiens";"PROTEIN FAMILY";"CHEMBL1147563";"1";"Scientific Literature";"Bioorg. Med. Chem. Lett.";"2004";"None";""
"CHEMBL357689";"";"0";"619.65";"1";"3.71";"7h";"CC(C)(C)OC(=O)N(C(=O)OCN1C(=O)c2ccccc2S1(=O)=O)[C@H](CCCCNC(=O)OCc1ccccc1)C(=O)O";"IC50";"'='";"12200.0";"nM";"4.91";"";"";"UO_0000065";"7.93";"0.16";"1.20";"2.64";"0";"CHEMBL817290";"Inhibitory activity was measured against human mast cell tryptase.";"B";"BAO_0000224";"protein format";"None";"None";"None";"None";"None";"";"";"";"CHEMBL2095193";"Tryptase";"Homo sapiens";"PROTEIN FAMILY";"CHEMBL1131519";"1";"Scientific Literature";"J. Med. Chem.";"1998";"None";""
"CHEMBL109882";"";"0";"424.50";"0";"-0.35";"22b";"CC(C)(C)CC(=O)N1CCN(C(=O)N2C(=O)[C@H](CCCN=C(N)N)[C@H]2C(=O)O)CC1";"IC50";"'='";"11.0";"nM";"7.96";"";"";"UO_0000065";"18.75";"0.36";"8.31";"4.89";"0";"CHEMBL697873";"In vitro inhibition of human tryptase.";"B";"BAO_0000224";"protein format";"Homo sapiens";"None";"None";"None";"None";"";"";"";"CHEMBL2095193";"Tryptase";"Homo sapiens";"PROTEIN FAMILY";"CHEMBL1134957";"1";"Scientific Literature";"Bioorg. Med. Chem. Lett.";"2002";"None";""
"CHEMBL144576";"";"0";"464.50";"0";"3.22";"7o";"O=C(CCc1ccccc1)Nc1ccc(C(=O)OCN2C(=O)c3ccccc3S2(=O)=O)cc1";"IC50";"'='";"170.0";"nM";"6.77";"";"";"UO_0000065";"14.57";"0.28";"3.55";"6.16";"0";"CHEMBL817290";"Inhibitory activity was measured against human mast cell tryptase.";"B";"BAO_0000224";"protein format";"None";"None";"None";"None";"None";"";"";"";"CHEMBL2095193";"Tryptase";"Homo sapiens";"PROTEIN FAMILY";"CHEMBL1131519";"1";"Scientific Literature";"J. Med. Chem.";"1998";"None";""
"CHEMBL430999";"";"0";"488.59";"0";"2.15";"29";"CC(C)C(OC(=O)N1CCN(C(=O)N2C(=O)[C@H](Cc3ccc(CN)cc3)[C@H]2C(=O)O)CC1)C(C)C";"IC50";"'='";"211.0";"nM";"6.68";"";"";"UO_0000065";"13.66";"0.26";"4.53";"5.00";"0";"CHEMBL817288";"Inhibitory activity of compound against human tryptase was determined";"B";"BAO_0000224";"protein format";"None";"None";"None";"None";"None";"";"";"";"CHEMBL2095193";"Tryptase";"Homo sapiens";"PROTEIN FAMILY";"CHEMBL1147562";"1";"Scientific Literature";"Bioorg. Med. Chem. Lett.";"2004";"None";""
"CHEMBL74178";"";"0";"510.64";"1";"2.91";"26";"O=C(O)[C@@H]1[C@@H](CC2CCNCC2)C(=O)N1C(=O)N1CCN(C(=O)c2ccc(C3CCCCC3)cc2)CC1";"IC50";"'='";"40.0";"nM";"7.40";"";"";"UO_0000065";"14.49";"0.27";"4.49";"6.71";"0";"CHEMBL817289";"Inhibitory activity against human tryptase";"B";"BAO_0000224";"protein format";"None";"None";"None";"None";"None";"";"";"";"CHEMBL2095193";"Tryptase";"Homo sapiens";"PROTEIN FAMILY";"CHEMBL1147563";"1";"Scientific Literature";"Bioorg. Med. Chem. Lett.";"2004";"None";""
"CHEMBL106903";"";"0";"474.56";"0";"2.81";"12i";"NCc1cccc(NC(=O)CN2CCCCC(NC(=O)COc3ccc4ccccc4c3)C2=O)c1";"IC50";"'='";"4600.0";"nM";"5.34";"";"";"UO_0000065";"11.25";"0.21";"2.53";"4.69";"0";"CHEMBL817287";"Inhibition of human tryptase.";"B";"BAO_0000224";"protein format";"None";"None";"None";"None";"None";"";"";"";"CHEMBL2095193";"Tryptase";"Homo sapiens";"PROTEIN FAMILY";"CHEMBL1139445";"1";"Scientific Literature";"Bioorg. Med. Chem. Lett.";"2004";"None";""
"CHEMBL326448";"";"0";"484.56";"0";"3.20";"8q";"NC(=O)c1cccc(NC(=O)CN2CCCCC(NC(=O)c3ccc(-c4ccccc4)cc3)C2=O)c1";"IC50";"'>'";"33000.0";"nM";"";"";"";"UO_0000065";"";"";"";"";"0";"CHEMBL817287";"Inhibition of human tryptase.";"B";"BAO_0000224";"protein format";"None";"None";"None";"None";"None";"";"";"";"CHEMBL2095193";"Tryptase";"Homo sapiens";"PROTEIN FAMILY";"CHEMBL1139445";"1";"Scientific Literature";"Bioorg. Med. Chem. Lett.";"2004";"None";""
"CHEMBL71061";"";"0";"518.61";"1";"2.46";"28";"O=C(O)[C@@H]1[C@@H](CC2CCNCC2)C(=O)N1C(=O)N1CCN(C(=O)Cc2ccc(-c3ccccc3)cc2)CC1";"IC50";"'='";"5.0";"nM";"8.30";"";"";"UO_0000065";"16.01";"0.30";"5.84";"7.53";"0";"CHEMBL817289";"Inhibitory activity against human tryptase";"B";"BAO_0000224";"protein format";"None";"None";"None";"None";"None";"";"";"";"CHEMBL2095193";"Tryptase";"Homo sapiens";"PROTEIN FAMILY";"CHEMBL1147563";"1";"Scientific Literature";"Bioorg. Med. Chem. Lett.";"2004";"None";""
"CHEMBL144867";"";"0";"480.50";"0";"3.07";"7v";"O=C(NCc1ccc(C(=O)OCN2C(=O)c3ccccc3S2(=O)=O)cc1)OCc1ccccc1";"IC50";"'='";"352.0";"nM";"6.45";"";"";"UO_0000065";"13.43";"0.26";"3.38";"5.42";"0";"CHEMBL817290";"Inhibitory activity was measured against human mast cell tryptase.";"B";"BAO_0000224";"protein format";"None";"None";"None";"None";"None";"";"";"";"CHEMBL2095193";"Tryptase";"Homo sapiens";"PROTEIN FAMILY";"CHEMBL1131519";"1";"Scientific Literature";"J. Med. Chem.";"1998";"None";""
"CHEMBL70619";"";"0";"475.55";"0";"1.67";"27";"CC(C)C(OC(=O)N1CCN(C(=O)N2C(=O)[C@H](Cc3ccc(N)nc3)[C@H]2C(=O)O)CC1)C(C)C";"IC50";"'='";"1053.0";"nM";"5.98";"";"";"UO_0000065";"12.57";"0.24";"4.31";"4.08";"0";"CHEMBL817288";"Inhibitory activity of compound against human tryptase was determined";"B";"BAO_0000224";"protein format";"None";"None";"None";"None";"None";"";"";"";"CHEMBL2095193";"Tryptase";"Homo sapiens";"PROTEIN FAMILY";"CHEMBL1147562";"1";"Scientific Literature";"Bioorg. Med. Chem. Lett.";"2004";"None";""
"CHEMBL74179";"";"0";"486.53";"0";"0.52";"25";"O=C(O)[C@@H]1[C@@H](CC2CCNCC2)C(=O)N1C(=O)N1CCN(C(=O)Cc2ccc3c(c2)OCO3)CC1";"IC50";"'='";"55.0";"nM";"7.26";"";"";"UO_0000065";"14.92";"0.28";"6.74";"5.64";"0";"CHEMBL817289";"Inhibitory activity against human tryptase";"B";"BAO_0000224";"protein format";"None";"None";"None";"None";"None";"";"";"";"CHEMBL2095193";"Tryptase";"Homo sapiens";"PROTEIN FAMILY";"CHEMBL1147563";"1";"Scientific Literature";"Bioorg. Med. Chem. Lett.";"2004";"None";""
"CHEMBL70410";"";"0";"526.68";"1";"3.14";"48";"O=C(O)[C@@H]1[C@@H](CC2CCNCC2)C(=O)N1C(=O)N1CCN(C(=O)CCCCCCCc2ccccc2)CC1";"IC50";"'='";"5.0";"nM";"8.30";"";"";"UO_0000065";"15.76";"0.30";"5.16";"7.53";"0";"CHEMBL817289";"Inhibitory activity against human tryptase";"B";"BAO_0000224";"protein format";"None";"None";"None";"None";"None";"";"";"";"CHEMBL2095193";"Tryptase";"Homo sapiens";"PROTEIN FAMILY";"CHEMBL1147563";"1";"Scientific Literature";"Bioorg. Med. Chem. Lett.";"2004";"None";""
"CHEMBL109254";"";"0";"384.39";"0";"-1.54";"20b";"COC(=O)N1CCN(C(=O)N2C(=O)[C@H](CCCN=C(N)N)[C@H]2C(=O)O)CC1";"IC50";"'='";"9.0";"nM";"8.05";"";"";"UO_0000065";"20.93";"0.41";"9.59";"4.68";"0";"CHEMBL697873";"In vitro inhibition of human tryptase.";"B";"BAO_0000224";"protein format";"Homo sapiens";"None";"None";"None";"None";"";"";"";"CHEMBL2095193";"Tryptase";"Homo sapiens";"PROTEIN FAMILY";"CHEMBL1134957";"1";"Scientific Literature";"Bioorg. Med. Chem. Lett.";"2002";"None";""
"CHEMBL326480";"";"0";"410.48";"0";"-0.74";"22a";"CC(C)(C)C(=O)N1CCN(C(=O)N2C(=O)[C@H](CCCN=C(N)N)[C@H]2C(=O)O)CC1";"IC50";"'='";"7.0";"nM";"8.15";"";"";"UO_0000065";"19.87";"0.38";"8.89";"5.01";"0";"CHEMBL697873";"In vitro inhibition of human tryptase.";"B";"BAO_0000224";"protein format";"Homo sapiens";"None";"None";"None";"None";"";"";"";"CHEMBL2095193";"Tryptase";"Homo sapiens";"PROTEIN FAMILY";"CHEMBL1134957";"1";"Scientific Literature";"Bioorg. Med. Chem. Lett.";"2002";"None";""
"CHEMBL432835";"";"0";"494.59";"0";"1.06";"9c (Diastereomer)";"CC(C)C(OC(=O)N1CCN(C(=O)N2C(=O)[C@H](CC3CCN(C(=N)N)C3)[C@H]2C(=O)O)CC1)C(C)C";"IC50";"'='";"9.0";"nM";"8.05";"";"";"UO_0000065";"16.27";"0.31";"6.99";"5.01";"0";"CHEMBL817298";"Inhibitory concentration against human tryptase";"B";"BAO_0000224";"protein format";"None";"None";"None";"None";"None";"";"";"";"CHEMBL2095193";"Tryptase";"Homo sapiens";"PROTEIN FAMILY";"CHEMBL1134958";"1";"Scientific Literature";"Bioorg. Med. Chem. Lett.";"2002";"None";""
"CHEMBL143450";"";"0";"460.51";"0";"2.82";"7i";"O=C(CCCCCNC(=O)OCc1ccccc1)OCN1C(=O)c2ccccc2S1(=O)=O";"IC50";"'='";"436.0";"nM";"6.36";"";"";"UO_0000065";"13.81";"0.27";"3.54";"5.34";"0";"CHEMBL817290";"Inhibitory activity was measured against human mast cell tryptase.";"B";"BAO_0000224";"protein format";"None";"None";"None";"None";"None";"";"";"";"CHEMBL2095193";"Tryptase";"Homo sapiens";"PROTEIN FAMILY";"CHEMBL1131519";"1";"Scientific Literature";"J. Med. Chem.";"1998";"None";""
"CHEMBL324621";"";"0";"508.62";"1";"1.45";"9d (Diastereomer)";"CC(C)C(OC(=O)N1CCN(C(=O)N2C(=O)[C@H](CC3CCCN(C(=N)N)C3)[C@H]2C(=O)O)CC1)C(C)C";"IC50";"'='";"71.0";"nM";"7.15";"";"";"UO_0000065";"14.06";"0.27";"5.70";"4.45";"0";"CHEMBL817298";"Inhibitory concentration against human tryptase";"B";"BAO_0000224";"protein format";"None";"None";"None";"None";"None";"";"";"";"CHEMBL2095193";"Tryptase";"Homo sapiens";"PROTEIN FAMILY";"CHEMBL1134958";"1";"Scientific Literature";"Bioorg. Med. Chem. Lett.";"2002";"None";""
"CHEMBL71072";"";"0";"485.52";"0";"1.49";"19";"O=C(O)[C@@H]1[C@@H](CC2CCNCC2)C(=O)N1C(=O)N1CCN(C(=O)c2cc3cc(F)ccc3[nH]2)CC1";"IC50";"'='";"450.0";"nM";"6.35";"";"";"UO_0000065";"13.07";"0.25";"4.86";"5.04";"0";"CHEMBL817289";"Inhibitory activity against human tryptase";"B";"BAO_0000224";"protein format";"None";"None";"None";"None";"None";"";"";"";"CHEMBL2095193";"Tryptase";"Homo sapiens";"PROTEIN FAMILY";"CHEMBL1147563";"1";"Scientific Literature";"Bioorg. Med. Chem. Lett.";"2004";"None";""
"CHEMBL303437";"";"0";"540.67";"1";"1.96";"2, BMS-363131";"N=C(N)N1CCC[C@H](C[C@H]2C(=O)N(C(=O)N3CCN(C(=O)CCCCCc4ccccc4)CC3)[C@@H]2C(=O)O)C1";"IC50";"'='";"1.7";"nM";"8.77";"";"";"UO_0000065";"16.22";"0.31";"6.81";"5.79";"0";"CHEMBL817289";"Inhibitory activity against human tryptase";"B";"BAO_0000224";"protein format";"None";"None";"None";"None";"None";"";"";"";"CHEMBL2095193";"Tryptase";"Homo sapiens";"PROTEIN FAMILY";"CHEMBL1147563";"1";"Scientific Literature";"Bioorg. Med. Chem. Lett.";"2004";"None";""
"CHEMBL424047";"";"0";"476.62";"0";"2.30";"44";"O=C(O)[C@@H]1[C@@H](CC2CCNCC2)C(=O)N1C(=O)N1CCN(C(=O)CCCC2CCCCC2)CC1";"IC50";"'='";"24.0";"nM";"7.62";"";"";"UO_0000065";"15.99";"0.31";"5.32";"6.91";"0";"CHEMBL817289";"Inhibitory activity against human tryptase";"B";"BAO_0000224";"protein format";"None";"None";"None";"None";"None";"";"";"";"CHEMBL2095193";"Tryptase";"Homo sapiens";"PROTEIN FAMILY";"CHEMBL1147563";"1";"Scientific Literature";"Bioorg. Med. Chem. Lett.";"2004";"None";""
"CHEMBL72708";"";"0";"562.71";"1";"3.90";"57";"O=C(O)[C@@H]1[C@@H](CC2CCNCC2)C(=O)N1C(=O)N1CCN(C(=O)CCCCCCc2cccc3ccccc23)CC1";"IC50";"'='";"1.0";"nM";"9.00";"";"";"UO_0000065";"15.99";"0.30";"5.10";"8.16";"0";"CHEMBL817289";"Inhibitory activity against human tryptase";"B";"BAO_0000224";"protein format";"None";"None";"None";"None";"None";"";"";"";"CHEMBL2095193";"Tryptase";"Homo sapiens";"PROTEIN FAMILY";"CHEMBL1147563";"1";"Scientific Literature";"Bioorg. Med. Chem. Lett.";"2004";"None";""
"CHEMBL72520";"";"0";"560.70";"1";"2.97";"34";"O=C(O)[C@@H]1[C@@H](CC2CCNCC2)C(=O)N1C(=O)N1CCN(C(=O)Cc2ccc(CCCc3ccccc3)cc2)CC1";"IC50";"'='";"9.0";"nM";"8.05";"";"";"UO_0000065";"14.35";"0.27";"5.08";"7.30";"0";"CHEMBL817289";"Inhibitory activity against human tryptase";"B";"BAO_0000224";"protein format";"None";"None";"None";"None";"None";"";"";"";"CHEMBL2095193";"Tryptase";"Homo sapiens";"PROTEIN FAMILY";"CHEMBL1147563";"1";"Scientific Literature";"Bioorg. Med. Chem. Lett.";"2004";"None";""
"CHEMBL144648";"";"0";"404.40";"0";"1.26";"7a";"O=C(CNC(=O)OCc1ccccc1)OCN1C(=O)c2ccccc2S1(=O)=O";"IC50";"'='";"6940.0";"nM";"5.16";"";"";"UO_0000065";"12.76";"0.25";"3.90";"4.33";"0";"CHEMBL817290";"Inhibitory activity was measured against human mast cell tryptase.";"B";"BAO_0000224";"protein format";"None";"None";"None";"None";"None";"";"";"";"CHEMBL2095193";"Tryptase";"Homo sapiens";"PROTEIN FAMILY";"CHEMBL1131519";"1";"Scientific Literature";"J. Med. Chem.";"1998";"None";""
"CHEMBL111270";"";"0";"318.33";"0";"0.00";"9a";"N=C(N)NCCC[C@H]1C(=O)N(C(=O)c2ccccc2)[C@@H]1C(=O)O";"IC50";"'='";"9.0";"nM";"8.05";"";"";"UO_0000065";"25.27";"0.48";"None";"5.89";"0";"CHEMBL697873";"In vitro inhibition of human tryptase.";"B";"BAO_0000224";"protein format";"Homo sapiens";"None";"None";"None";"None";"";"";"";"CHEMBL2095193";"Tryptase";"Homo sapiens";"PROTEIN FAMILY";"CHEMBL1134957";"1";"Scientific Literature";"Bioorg. Med. Chem. Lett.";"2002";"None";""
"CHEMBL304985";"";"0";"486.57";"0";"1.19";"42";"COc1cccc(CCC(=O)N2CCN(C(=O)N3C(=O)[C@H](CC4CCNCC4)[C@H]3C(=O)O)CC2)c1";"IC50";"'='";"14.0";"nM";"7.85";"";"";"UO_0000065";"16.14";"0.31";"6.66";"6.57";"0";"CHEMBL817289";"Inhibitory activity against human tryptase";"B";"BAO_0000224";"protein format";"None";"None";"None";"None";"None";"";"";"";"CHEMBL2095193";"Tryptase";"Homo sapiens";"PROTEIN FAMILY";"CHEMBL1147563";"1";"Scientific Literature";"Bioorg. Med. Chem. Lett.";"2004";"None";""
"CHEMBL109602";"";"0";"466.52";"0";"-0.71";"23";"N=C(N)NCCC[C@H]1C(=O)N(C(=O)N2CCN(S(=O)(=O)c3ccccc3)CC2)[C@@H]1C(=O)O";"IC50";"'='";"13.0";"nM";"7.89";"";"";"UO_0000065";"16.90";"0.34";"8.60";"4.45";"0";"CHEMBL697873";"In vitro inhibition of human tryptase.";"B";"BAO_0000224";"protein format";"Homo sapiens";"None";"None";"None";"None";"";"";"";"CHEMBL2095193";"Tryptase";"Homo sapiens";"PROTEIN FAMILY";"CHEMBL1134957";"1";"Scientific Literature";"Bioorg. Med. Chem. Lett.";"2002";"None";""
"CHEMBL70404";"";"0";"549.63";"1";"1.71";"52";"Cc1ccc(C2=CN=C(CCC(=O)N3CCN(C(=O)N4C(=O)[C@H](CC5CCNCC5)[C@H]4C(=O)O)CC3)C2=O)cc1";"IC50";"'='";"5.0";"nM";"8.30";"";"";"UO_0000065";"15.10";"0.28";"6.59";"5.94";"0";"CHEMBL817289";"Inhibitory activity against human tryptase";"B";"BAO_0000224";"protein format";"None";"None";"None";"None";"None";"";"";"";"CHEMBL2095193";"Tryptase";"Homo sapiens";"PROTEIN FAMILY";"CHEMBL1147563";"1";"Scientific Literature";"Bioorg. Med. Chem. Lett.";"2004";"None";""
"CHEMBL71037";"";"0";"425.49";"0";"-0.80";"1";"CC(C)(C)NC(=O)N1CCN(C(=O)N2C(=O)[C@H](CCCN=C(N)N)[C@H]2C(=O)O)CC1";"IC50";"'='";"4.0";"nM";"8.40";"";"";"UO_0000065";"19.74";"0.38";"9.20";"4.81";"1";"CHEMBL817298";"Inhibitory concentration against human tryptase";"B";"BAO_0000224";"protein format";"None";"None";"None";"None";"None";"";"";"";"CHEMBL2095193";"Tryptase";"Homo sapiens";"PROTEIN FAMILY";"CHEMBL1134958";"1";"Scientific Literature";"Bioorg. Med. Chem. Lett.";"2002";"None";""
"CHEMBL323783";"";"0";"505.02";"1";"4.22";"8t";"NCc1ccc(Cl)c(NC(=O)CN2CCCCC(NC(=O)c3ccc(-c4ccccc4)cc3)C2=O)c1";"IC50";"'='";"38.0";"nM";"7.42";"";"";"UO_0000065";"14.69";"0.28";"3.20";"7.10";"0";"CHEMBL817287";"Inhibition of human tryptase.";"B";"BAO_0000224";"protein format";"None";"None";"None";"None";"None";"";"";"";"CHEMBL2095193";"Tryptase";"Homo sapiens";"PROTEIN FAMILY";"CHEMBL1139445";"1";"Scientific Literature";"Bioorg. Med. Chem. Lett.";"2004";"None";""
"CHEMBL322441";"";"0";"539.46";"1";"4.87";"12c";"NCc1cccc(NC(=O)CN2CCCCC(NC(=O)c3ccc(-c4ccc(Cl)c(Cl)c4)cc3)C2=O)c1";"IC50";"'='";"2100.0";"nM";"5.68";"";"";"UO_0000065";"10.52";"0.21";"0.81";"5.43";"0";"CHEMBL817287";"Inhibition of human tryptase.";"B";"BAO_0000224";"protein format";"None";"None";"None";"None";"None";"";"";"";"CHEMBL2095193";"Tryptase";"Homo sapiens";"PROTEIN FAMILY";"CHEMBL1139445";"1";"Scientific Literature";"Bioorg. Med. Chem. Lett.";"2004";"None";""
"CHEMBL273331";"";"0";"480.61";"0";"2.23";"26";"CC(C)C(OC(=O)N1CCN(C(=O)N2C(=O)[C@H](CCC3CCNCC3)[C@H]2C(=O)O)CC1)C(C)C";"IC50";"'='";"1214.0";"nM";"5.92";"";"";"UO_0000065";"12.31";"0.24";"3.69";"4.95";"0";"CHEMBL817288";"Inhibitory activity of compound against human tryptase was determined";"B";"BAO_0000224";"protein format";"None";"None";"None";"None";"None";"";"";"";"CHEMBL2095193";"Tryptase";"Homo sapiens";"PROTEIN FAMILY";"CHEMBL1147562";"1";"Scientific Literature";"Bioorg. Med. Chem. Lett.";"2004";"None";""
"CHEMBL357829";"";"0";"466.47";"0";"2.93";"7r";"O=C(NCc1ccc(C(=O)OCN2C(=O)c3ccccc3S2(=O)=O)cc1)Oc1ccccc1";"IC50";"'='";"630.0";"nM";"6.20";"";"";"UO_0000065";"13.29";"0.26";"3.27";"5.21";"0";"CHEMBL817290";"Inhibitory activity was measured against human mast cell tryptase.";"B";"BAO_0000224";"protein format";"None";"None";"None";"None";"None";"";"";"";"CHEMBL2095193";"Tryptase";"Homo sapiens";"PROTEIN FAMILY";"CHEMBL1131519";"1";"Scientific Literature";"J. Med. Chem.";"1998";"None";""
"CHEMBL441447";"";"0";"440.54";"0";"1.58";"21";"CC(C)C(OC(=O)N1CCN(C(=O)N2C(=O)[C@H](CCCCN)[C@H]2C(=O)O)CC1)C(C)C";"IC50";"'='";"7.0";"nM";"8.15";"";"";"UO_0000065";"18.51";"0.36";"6.57";"6.11";"0";"CHEMBL817288";"Inhibitory activity of compound against human tryptase was determined";"B";"BAO_0000224";"protein format";"None";"None";"None";"None";"None";"";"";"";"CHEMBL2095193";"Tryptase";"Homo sapiens";"PROTEIN FAMILY";"CHEMBL1147562";"1";"Scientific Literature";"Bioorg. Med. Chem. Lett.";"2004";"None";""
"CHEMBL107233";"";"0";"470.57";"0";"3.36";"8g";"Nc1ccc(CNC(=O)CN2CCCCC(NC(=O)c3ccc(-c4ccccc4)cc3)C2=O)cc1";"IC50";"'>'";"33000.0";"nM";"";"";"";"UO_0000065";"";"";"";"";"0";"CHEMBL817287";"Inhibition of human tryptase.";"B";"BAO_0000224";"protein format";"None";"None";"None";"None";"None";"";"";"";"CHEMBL2095193";"Tryptase";"Homo sapiens";"PROTEIN FAMILY";"CHEMBL1139445";"1";"Scientific Literature";"Bioorg. Med. Chem. Lett.";"2004";"None";""
"CHEMBL305950";"";"0";"331.37";"0";"1.52";"15";"O=C(O)[C@@H]1[C@@H](CC2CCNCC2)C(=O)N1C(=O)Nc1ccccc1";"IC50";"'='";"147.0";"nM";"6.83";"";"";"UO_0000065";"20.62";"0.39";"5.31";"6.92";"0";"CHEMBL817288";"Inhibitory activity of compound against human tryptase was determined";"B";"BAO_0000224";"protein format";"None";"None";"None";"None";"None";"";"";"";"CHEMBL2095193";"Tryptase";"Homo sapiens";"PROTEIN FAMILY";"CHEMBL1147562";"1";"Scientific Literature";"Bioorg. Med. Chem. Lett.";"2004";"None";""
"CHEMBL303437";"";"0";"540.67";"1";"1.96";"2, BMS-363131";"N=C(N)N1CCC[C@H](C[C@H]2C(=O)N(C(=O)N3CCN(C(=O)CCCCCc4ccccc4)CC3)[C@@H]2C(=O)O)C1";"IC50";"'<'";"1.7";"nM";"";"";"";"UO_0000065";"";"";"";"";"0";"CHEMBL817288";"Inhibitory activity of compound against human tryptase was determined";"B";"BAO_0000224";"protein format";"None";"None";"None";"None";"None";"";"";"";"CHEMBL2095193";"Tryptase";"Homo sapiens";"PROTEIN FAMILY";"CHEMBL1147562";"1";"Scientific Literature";"Bioorg. Med. Chem. Lett.";"2004";"None";""
"CHEMBL307089";"";"0";"373.41";"0";"1.13";"14";"N=C(N)N1CCC(C[C@H]2C(=O)N(C(=O)Nc3ccccc3)[C@@H]2C(=O)O)CC1";"IC50";"'='";"515.0";"nM";"6.29";"";"";"UO_0000065";"16.84";"0.32";"5.16";"4.50";"0";"CHEMBL817288";"Inhibitory activity of compound against human tryptase was determined";"B";"BAO_0000224";"protein format";"None";"None";"None";"None";"None";"";"";"";"CHEMBL2095193";"Tryptase";"Homo sapiens";"PROTEIN FAMILY";"CHEMBL1147562";"1";"Scientific Literature";"Bioorg. Med. Chem. Lett.";"2004";"None";""
"CHEMBL70666";"";"0";"454.57";"0";"1.97";"22";"CC(C)C(OC(=O)N1CCN(C(=O)N2C(=O)[C@H](CCCCCN)[C@H]2C(=O)O)CC1)C(C)C";"IC50";"'='";"34.0";"nM";"7.47";"";"";"UO_0000065";"16.43";"0.32";"5.50";"5.60";"0";"CHEMBL817288";"Inhibitory activity of compound against human tryptase was determined";"B";"BAO_0000224";"protein format";"None";"None";"None";"None";"None";"";"";"";"CHEMBL2095193";"Tryptase";"Homo sapiens";"PROTEIN FAMILY";"CHEMBL1147562";"1";"Scientific Literature";"Bioorg. Med. Chem. Lett.";"2004";"None";""
"CHEMBL72282";"";"0";"472.59";"0";"2.09";"34";"NCCCC[C@H]1C(=O)N(C(=O)N2CCN(C(=O)CCCCCc3ccccc3)CC2)[C@@H]1C(=O)O";"IC50";"'<'";"1.7";"nM";"";"";"";"UO_0000065";"";"";"";"";"0";"CHEMBL817288";"Inhibitory activity of compound against human tryptase was determined";"B";"BAO_0000224";"protein format";"None";"None";"None";"None";"None";"";"";"";"CHEMBL2095193";"Tryptase";"Homo sapiens";"PROTEIN FAMILY";"CHEMBL1147562";"1";"Scientific Literature";"Bioorg. Med. Chem. Lett.";"2004";"None";""
"CHEMBL70665";"";"0";"466.58";"0";"1.84";"24";"CC(C)C(OC(=O)N1CCN(C(=O)N2C(=O)[C@H](CC3CCCNC3)[C@H]2C(=O)O)CC1)C(C)C";"IC50";"'='";"17899.0";"nM";"4.75";"";"";"UO_0000065";"10.17";"0.20";"2.91";"3.97";"0";"CHEMBL817288";"Inhibitory activity of compound against human tryptase was determined";"B";"BAO_0000224";"protein format";"None";"None";"None";"None";"None";"";"";"";"CHEMBL2095193";"Tryptase";"Homo sapiens";"PROTEIN FAMILY";"CHEMBL1147562";"1";"Scientific Literature";"Bioorg. Med. Chem. Lett.";"2004";"None";""
"CHEMBL303437";"";"0";"540.67";"1";"1.96";"BMS-363131 (2, 6R-isomer)";"N=C(N)N1CCC[C@H](C[C@H]2C(=O)N(C(=O)N3CCN(C(=O)CCCCCc4ccccc4)CC3)[C@@H]2C(=O)O)C1";"IC50";"'<'";"1.7";"nM";"";"";"";"UO_0000065";"";"";"";"";"1";"CHEMBL817298";"Inhibitory concentration against human tryptase";"B";"BAO_0000224";"protein format";"None";"None";"None";"None";"None";"";"";"";"CHEMBL2095193";"Tryptase";"Homo sapiens";"PROTEIN FAMILY";"CHEMBL1134958";"1";"Scientific Literature";"Bioorg. Med. Chem. Lett.";"2002";"None";""
"CHEMBL324621";"";"0";"508.62";"1";"1.45";"9e (Diastereomer of 9d)";"CC(C)C(OC(=O)N1CCN(C(=O)N2C(=O)[C@H](CC3CCCN(C(=N)N)C3)[C@H]2C(=O)O)CC1)C(C)C";"IC50";"'='";"63.0";"nM";"7.20";"";"";"UO_0000065";"14.16";"0.27";"5.75";"4.48";"0";"CHEMBL817298";"Inhibitory concentration against human tryptase";"B";"BAO_0000224";"protein format";"None";"None";"None";"None";"None";"";"";"";"CHEMBL2095193";"Tryptase";"Homo sapiens";"PROTEIN FAMILY";"CHEMBL1134958";"1";"Scientific Literature";"Bioorg. Med. Chem. Lett.";"2002";"None";""
"CHEMBL109504";"";"0";"546.71";"1";"2.69";"18d";"N=C(N)N1CCCC(C[C@H]2C(=O)N(C(=O)N3CCN(C(=O)CCCCCC4CCCCC4)CC3)[C@@H]2C(=O)O)C1";"IC50";"'='";"1.9";"nM";"8.72";"";"";"UO_0000065";"15.95";"0.31";"6.03";"5.76";"0";"CHEMBL817298";"Inhibitory concentration against human tryptase";"B";"BAO_0000224";"protein format";"None";"None";"None";"None";"None";"";"";"";"CHEMBL2095193";"Tryptase";"Homo sapiens";"PROTEIN FAMILY";"CHEMBL1134958";"1";"Scientific Literature";"Bioorg. Med. Chem. Lett.";"2002";"None";""
"CHEMBL109733";"";"0";"480.57";"0";"0.67";"9b";"CC(C)C(OC(=O)N1CCN(C(=O)N2C(=O)[C@H](CC3CN(C(=N)N)C3)[C@H]2C(=O)O)CC1)C(C)C";"IC50";"'='";"12.0";"nM";"7.92";"";"";"UO_0000065";"16.48";"0.32";"7.25";"4.93";"0";"CHEMBL817298";"Inhibitory concentration against human tryptase";"B";"BAO_0000224";"protein format";"None";"None";"None";"None";"None";"";"";"";"CHEMBL2095193";"Tryptase";"Homo sapiens";"PROTEIN FAMILY";"CHEMBL1134958";"1";"Scientific Literature";"Bioorg. Med. Chem. Lett.";"2002";"None";""
"CHEMBL107805";"";"0";"462.59";"0";"2.58";"8e";"O=C(CN1CCCCC(NC(=O)c2ccc(-c3ccccc3)cc2)C1=O)NCC1CCNCC1";"IC50";"'>'";"33000.0";"nM";"";"";"";"UO_0000065";"";"";"";"";"0";"CHEMBL817287";"Inhibition of human tryptase.";"B";"BAO_0000224";"protein format";"None";"None";"None";"None";"None";"";"";"";"CHEMBL2095193";"Tryptase";"Homo sapiens";"PROTEIN FAMILY";"CHEMBL1139445";"1";"Scientific Literature";"Bioorg. Med. Chem. Lett.";"2004";"None";""
"CHEMBL70523";"";"0";"527.62";"1";"0.69";"51";"O=C(CCC(=O)N1CCN(C(=O)N2C(=O)[C@H](CC3CCNCC3)[C@H]2C(=O)O)CC1)NCCc1ccccc1";"IC50";"'='";"17.0";"nM";"7.77";"";"";"UO_0000065";"14.73";"0.28";"7.08";"5.58";"0";"CHEMBL817289";"Inhibitory activity against human tryptase";"B";"BAO_0000224";"protein format";"None";"None";"None";"None";"None";"";"";"";"CHEMBL2095193";"Tryptase";"Homo sapiens";"PROTEIN FAMILY";"CHEMBL1147563";"1";"Scientific Literature";"Bioorg. Med. Chem. Lett.";"2004";"None";""
"CHEMBL70529";"";"0";"468.60";"0";"2.36";"23";"CC(C)C(OC(=O)N1CCN(C(=O)N2C(=O)[C@H](CCCCCCN)[C@H]2C(=O)O)CC1)C(C)C";"IC50";"'='";"32.0";"nM";"7.50";"";"";"UO_0000065";"15.99";"0.31";"5.13";"5.61";"0";"CHEMBL817288";"Inhibitory activity of compound against human tryptase was determined";"B";"BAO_0000224";"protein format";"None";"None";"None";"None";"None";"";"";"";"CHEMBL2095193";"Tryptase";"Homo sapiens";"PROTEIN FAMILY";"CHEMBL1147562";"1";"Scientific Literature";"Bioorg. Med. Chem. Lett.";"2004";"None";""
"CHEMBL302058";"";"0";"468.56";"0";"0.51";"19";"CC(C)C(OC(=O)N1CCN(C(=O)N2C(=O)[C@H](CCCN=C(N)N)[C@H]2C(=O)O)CC1)C(C)C";"IC50";"'='";"4.0";"nM";"8.40";"";"";"UO_0000065";"17.92";"0.35";"7.89";"4.89";"0";"CHEMBL817288";"Inhibitory activity of compound against human tryptase was determined";"B";"BAO_0000224";"protein format";"None";"None";"None";"None";"None";"";"";"";"CHEMBL2095193";"Tryptase";"Homo sapiens";"PROTEIN FAMILY";"CHEMBL1147562";"1";"Scientific Literature";"Bioorg. Med. Chem. Lett.";"2004";"None";""
"CHEMBL70350";"";"0";"498.62";"0";"2.36";"32";"O=C(O)[C@@H]1[C@@H](CC2CCNCC2)C(=O)N1C(=O)N1CCN(C(=O)CCCCCc2ccccc2)CC1";"IC50";"'='";"1.0";"nM";"9.00";"";"";"UO_0000065";"18.05";"0.34";"6.64";"8.16";"1";"CHEMBL817288";"Inhibitory activity of compound against human tryptase was determined";"B";"BAO_0000224";"protein format";"None";"None";"None";"None";"None";"";"";"";"CHEMBL2095193";"Tryptase";"Homo sapiens";"PROTEIN FAMILY";"CHEMBL1147562";"1";"Scientific Literature";"Bioorg. Med. Chem. Lett.";"2004";"None";""
"CHEMBL107095";"";"0";"496.61";"0";"3.75";"8n";"O=C(CN1CCCCC(NC(=O)c2ccc(-c3ccccc3)cc2)C1=O)Nc1ccc2c(c1)CNCC2";"IC50";"'>'";"33000.0";"nM";"";"";"";"UO_0000065";"";"";"";"";"0";"CHEMBL817287";"Inhibition of human tryptase.";"B";"BAO_0000224";"protein format";"None";"None";"None";"None";"None";"";"";"";"CHEMBL2095193";"Tryptase";"Homo sapiens";"PROTEIN FAMILY";"CHEMBL1139445";"1";"Scientific Literature";"Bioorg. Med. Chem. Lett.";"2004";"None";""
"CHEMBL323783";"";"0";"505.02";"1";"4.22";"8t";"NCc1ccc(Cl)c(NC(=O)CN2CCCCC(NC(=O)c3ccc(-c4ccccc4)cc3)C2=O)c1";"IC50";"'='";"38.0";"nM";"7.42";"";"";"UO_0000065";"14.69";"0.28";"3.20";"7.10";"0";"CHEMBL817287";"Inhibition of human tryptase.";"B";"BAO_0000224";"protein format";"None";"None";"None";"None";"None";"";"";"";"CHEMBL2095193";"Tryptase";"Homo sapiens";"PROTEIN FAMILY";"CHEMBL1139445";"1";"Scientific Literature";"Bioorg. Med. Chem. Lett.";"2004";"None";""
"CHEMBL308015";"";"0";"452.55";"0";"1.45";"25";"CC(C)C(OC(=O)N1CCN(C(=O)N2C(=O)[C@H](CC3CCNC3)[C@H]2C(=O)O)CC1)C(C)C";"IC50";"'='";"2605.0";"nM";"5.58";"";"";"UO_0000065";"12.34";"0.24";"4.13";"4.67";"0";"CHEMBL817288";"Inhibitory activity of compound against human tryptase was determined";"B";"BAO_0000224";"protein format";"None";"None";"None";"None";"None";"";"";"";"CHEMBL2095193";"Tryptase";"Homo sapiens";"PROTEIN FAMILY";"CHEMBL1147562";"1";"Scientific Literature";"Bioorg. Med. Chem. Lett.";"2004";"None";""
"CHEMBL321145";"";"0";"470.57";"0";"3.56";"8l";"NCc1cccc(NC(=O)CN2CCCCC(NC(=O)c3ccc(-c4ccccc4)cc3)C2=O)c1";"IC50";"'='";"250.0";"nM";"6.60";"";"";"UO_0000065";"14.03";"0.26";"3.04";"6.32";"0";"CHEMBL817287";"Inhibition of human tryptase.";"B";"BAO_0000224";"protein format";"None";"None";"None";"None";"None";"";"";"";"CHEMBL2095193";"Tryptase";"Homo sapiens";"PROTEIN FAMILY";"CHEMBL1139445";"1";"Scientific Literature";"Bioorg. Med. Chem. Lett.";"2004";"None";""
"CHEMBL439808";"";"0";"533.52";"1";"1.54";"7l";"O=C(O)CCN(C(=O)CCNC(=O)OCN1C(=O)c2ccccc2S1(=O)=O)C(=O)OCc1ccccc1";"IC50";"'>'";"33000.0";"nM";"";"";"";"UO_0000065";"";"";"";"";"0";"CHEMBL817290";"Inhibitory activity was measured against human mast cell tryptase.";"B";"BAO_0000224";"protein format";"None";"None";"None";"None";"None";"";"";"";"CHEMBL2095193";"Tryptase";"Homo sapiens";"PROTEIN FAMILY";"CHEMBL1131519";"1";"Scientific Literature";"J. Med. Chem.";"1998";"None";""
"CHEMBL320744";"";"0";"333.35";"0";"0.39";"16a cis";"N=C(N)NCCC[C@H]1C(=O)N(C(=O)Nc2ccccc2)[C@@H]1C(=O)O";"IC50";"'='";"992.0";"nM";"6.00";"";"";"UO_0000065";"18.01";"0.34";"5.61";"4.04";"0";"CHEMBL697873";"In vitro inhibition of human tryptase.";"B";"BAO_0000224";"protein format";"Homo sapiens";"None";"None";"None";"None";"";"";"";"CHEMBL2095193";"Tryptase";"Homo sapiens";"PROTEIN FAMILY";"CHEMBL1134957";"1";"Scientific Literature";"Bioorg. Med. Chem. Lett.";"2002";"None";""
"CHEMBL144166";"";"0";"465.49";"0";"2.97";"7q";"O=C(NCc1ccc(C(=O)OCN2C(=O)c3ccccc3S2(=O)=O)cc1)Nc1ccccc1";"IC50";"'='";"157.0";"nM";"6.80";"";"";"UO_0000065";"14.62";"0.28";"3.83";"5.58";"0";"CHEMBL817290";"Inhibitory activity was measured against human mast cell tryptase.";"B";"BAO_0000224";"protein format";"None";"None";"None";"None";"None";"";"";"";"CHEMBL2095193";"Tryptase";"Homo sapiens";"PROTEIN FAMILY";"CHEMBL1131519";"1";"Scientific Literature";"J. Med. Chem.";"1998";"None";""
"CHEMBL70703";"";"0";"546.67";"1";"3.04";"33";"O=C(O)[C@@H]1[C@@H](CC2CCNCC2)C(=O)N1C(=O)N1CCN(C(=O)c2ccc(CCCc3ccccc3)cc2)CC1";"IC50";"'='";"6.0";"nM";"8.22";"";"";"UO_0000065";"15.04";"0.28";"5.18";"7.46";"0";"CHEMBL817289";"Inhibitory activity against human tryptase";"B";"BAO_0000224";"protein format";"None";"None";"None";"None";"None";"";"";"";"CHEMBL2095193";"Tryptase";"Homo sapiens";"PROTEIN FAMILY";"CHEMBL1147563";"1";"Scientific Literature";"Bioorg. Med. Chem. Lett.";"2004";"None";""
"CHEMBL422412";"";"0";"475.55";"0";"1.67";"28";"CC(C)C(OC(=O)N1CCN(C(=O)N2C(=O)[C@H](Cc3ccnc(N)c3)[C@H]2C(=O)O)CC1)C(C)C";"IC50";"'='";"61.0";"nM";"7.21";"";"";"UO_0000065";"15.17";"0.29";"5.54";"4.93";"0";"CHEMBL817288";"Inhibitory activity of compound against human tryptase was determined";"B";"BAO_0000224";"protein format";"None";"None";"None";"None";"None";"";"";"";"CHEMBL2095193";"Tryptase";"Homo sapiens";"PROTEIN FAMILY";"CHEMBL1147562";"1";"Scientific Literature";"Bioorg. Med. Chem. Lett.";"2004";"None";""
"CHEMBL71121";"";"0";"520.59";"1";"2.66";"36";"O=C(O)[C@@H]1[C@@H](CC2CCNCC2)C(=O)N1C(=O)N1CCN(C(=O)c2ccccc2Oc2ccccc2)CC1";"IC50";"'='";"120.0";"nM";"6.92";"";"";"UO_0000065";"13.29";"0.25";"4.26";"5.79";"0";"CHEMBL817289";"Inhibitory activity against human tryptase";"B";"BAO_0000224";"protein format";"None";"None";"None";"None";"None";"";"";"";"CHEMBL2095193";"Tryptase";"Homo sapiens";"PROTEIN FAMILY";"CHEMBL1147563";"1";"Scientific Literature";"Bioorg. Med. Chem. Lett.";"2004";"None";""
"CHEMBL144711";"";"0";"466.47";"0";"3.39";"7m";"O=C(Nc1cccc(C(=O)OCN2C(=O)c3ccccc3S2(=O)=O)c1)OCc1ccccc1";"IC50";"'>'";"33000.0";"nM";"";"";"";"UO_0000065";"";"";"";"";"0";"CHEMBL817290";"Inhibitory activity was measured against human mast cell tryptase.";"B";"BAO_0000224";"protein format";"None";"None";"None";"None";"None";"";"";"";"CHEMBL2095193";"Tryptase";"Homo sapiens";"PROTEIN FAMILY";"CHEMBL1131519";"1";"Scientific Literature";"J. Med. Chem.";"1998";"None";""
"CHEMBL70350";"";"0";"498.62";"0";"2.36";"46";"O=C(O)[C@@H]1[C@@H](CC2CCNCC2)C(=O)N1C(=O)N1CCN(C(=O)CCCCCc2ccccc2)CC1";"IC50";"'='";"1.0";"nM";"9.00";"";"";"UO_0000065";"18.05";"0.34";"6.64";"8.16";"0";"CHEMBL817289";"Inhibitory activity against human tryptase";"B";"BAO_0000224";"protein format";"None";"None";"None";"None";"None";"";"";"";"CHEMBL2095193";"Tryptase";"Homo sapiens";"PROTEIN FAMILY";"CHEMBL1147563";"1";"Scientific Literature";"Bioorg. Med. Chem. Lett.";"2004";"None";""
"CHEMBL320744";"";"0";"333.35";"0";"0.39";"ent 8a";"N=C(N)NCCC[C@H]1C(=O)N(C(=O)Nc2ccccc2)[C@@H]1C(=O)O";"IC50";"'='";"5380.0";"nM";"5.27";"";"";"UO_0000065";"15.81";"0.30";"4.88";"3.55";"0";"CHEMBL697873";"In vitro inhibition of human tryptase.";"B";"BAO_0000224";"protein format";"Homo sapiens";"None";"None";"None";"None";"";"";"";"CHEMBL2095193";"Tryptase";"Homo sapiens";"PROTEIN FAMILY";"CHEMBL1134957";"1";"Scientific Literature";"Bioorg. Med. Chem. Lett.";"2002";"None";""
"CHEMBL319925";"";"0";"484.60";"0";"3.24";"8j";"NCc1cccc(CNC(=O)CN2CCCCC(NC(=O)c3ccc(-c4ccccc4)cc3)C2=O)c1";"IC50";"'='";"13000.0";"nM";"4.89";"";"";"UO_0000065";"10.08";"0.19";"1.65";"4.67";"0";"CHEMBL817287";"Inhibition of human tryptase.";"B";"BAO_0000224";"protein format";"None";"None";"None";"None";"None";"";"";"";"CHEMBL2095193";"Tryptase";"Homo sapiens";"PROTEIN FAMILY";"CHEMBL1139445";"1";"Scientific Literature";"Bioorg. Med. Chem. Lett.";"2004";"None";""
"CHEMBL70964";"";"0";"482.58";"0";"0.90";"31";"CC(C)C(OC(=O)N1CCN(C(=O)N2C(=O)[C@H](CCCCN=C(N)N)[C@H]2C(=O)O)CC1)C(C)C";"IC50";"'='";"39.0";"nM";"7.41";"";"";"UO_0000065";"15.35";"0.30";"6.51";"4.31";"0";"CHEMBL817288";"Inhibitory activity of compound against human tryptase was determined";"B";"BAO_0000224";"protein format";"None";"None";"None";"None";"None";"";"";"";"CHEMBL2095193";"Tryptase";"Homo sapiens";"PROTEIN FAMILY";"CHEMBL1147562";"1";"Scientific Literature";"Bioorg. Med. Chem. Lett.";"2004";"None";""
"CHEMBL321466";"";"0";"498.63";"0";"3.80";"12k";"NCc1cccc(NC(=O)CN2CCCCC(NC(=O)CC(c3ccccc3)c3ccccc3)C2=O)c1";"IC50";"'='";"200.0";"nM";"6.70";"";"";"UO_0000065";"13.43";"0.25";"2.90";"6.41";"0";"CHEMBL817287";"Inhibition of human tryptase.";"B";"BAO_0000224";"protein format";"None";"None";"None";"None";"None";"";"";"";"CHEMBL2095193";"Tryptase";"Homo sapiens";"PROTEIN FAMILY";"CHEMBL1139445";"1";"Scientific Literature";"Bioorg. Med. Chem. Lett.";"2004";"None";""
"CHEMBL144603";"";"0";"464.50";"0";"2.50";"7t";"O=C(Cc1ccccc1)NCc1ccc(C(=O)OCN2C(=O)c3ccccc3S2(=O)=O)cc1";"IC50";"'='";"132.0";"nM";"6.88";"";"";"UO_0000065";"14.81";"0.28";"4.38";"6.26";"0";"CHEMBL817290";"Inhibitory activity was measured against human mast cell tryptase.";"B";"BAO_0000224";"protein format";"None";"None";"None";"None";"None";"";"";"";"CHEMBL2095193";"Tryptase";"Homo sapiens";"PROTEIN FAMILY";"CHEMBL1131519";"1";"Scientific Literature";"J. Med. Chem.";"1998";"None";""
"CHEMBL326694";"";"0";"484.60";"0";"3.60";"8h";"NCCc1ccc(NC(=O)CN2CCCCC(NC(=O)c3ccc(-c4ccccc4)cc3)C2=O)cc1";"IC50";"'='";"11000.0";"nM";"4.96";"";"";"UO_0000065";"10.23";"0.19";"1.36";"4.74";"0";"CHEMBL817287";"Inhibition of human tryptase.";"B";"BAO_0000224";"protein format";"None";"None";"None";"None";"None";"";"";"";"CHEMBL2095193";"Tryptase";"Homo sapiens";"PROTEIN FAMILY";"CHEMBL1139445";"1";"Scientific Literature";"Bioorg. Med. Chem. Lett.";"2004";"None";""
"CHEMBL144312";"";"0";"432.45";"0";"2.04";"7c";"O=C(CCCNC(=O)OCc1ccccc1)OCN1C(=O)c2ccccc2S1(=O)=O";"IC50";"'='";"349.0";"nM";"6.46";"";"";"UO_0000065";"14.93";"0.29";"4.42";"5.42";"0";"CHEMBL817290";"Inhibitory activity was measured against human mast cell tryptase.";"B";"BAO_0000224";"protein format";"None";"None";"None";"None";"None";"";"";"";"CHEMBL2095193";"Tryptase";"Homo sapiens";"PROTEIN FAMILY";"CHEMBL1131519";"1";"Scientific Literature";"J. Med. Chem.";"1998";"None";""
"CHEMBL320722";"";"0";"450.58";"0";"2.99";"12h";"NCc1cccc(NC(=O)CN2CCCCC(NC(=O)CCCCc3ccccc3)C2=O)c1";"IC50";"'='";"2900.0";"nM";"5.54";"";"";"UO_0000065";"12.29";"0.23";"2.55";"5.30";"0";"CHEMBL817287";"Inhibition of human tryptase.";"B";"BAO_0000224";"protein format";"None";"None";"None";"None";"None";"";"";"";"CHEMBL2095193";"Tryptase";"Homo sapiens";"PROTEIN FAMILY";"CHEMBL1139445";"1";"Scientific Literature";"Bioorg. Med. Chem. Lett.";"2004";"None";""
"CHEMBL303827";"";"0";"426.51";"0";"1.19";"20";"CC(C)C(OC(=O)N1CCN(C(=O)N2C(=O)[C@H](CCCN)[C@H]2C(=O)O)CC1)C(C)C";"IC50";"'>'";"33000.0";"nM";"";"";"";"UO_0000065";"";"";"";"";"0";"CHEMBL817288";"Inhibitory activity of compound against human tryptase was determined";"B";"BAO_0000224";"protein format";"None";"None";"None";"None";"None";"";"";"";"CHEMBL2095193";"Tryptase";"Homo sapiens";"PROTEIN FAMILY";"CHEMBL1147562";"1";"Scientific Literature";"Bioorg. Med. Chem. Lett.";"2004";"None";""
"CHEMBL144163";"";"0";"505.46";"1";"0.76";"7f";"O=C(O)CN(C(=O)CNC(=O)OCN1C(=O)c2ccccc2S1(=O)=O)C(=O)OCc1ccccc1";"IC50";"'='";"900.0";"nM";"6.05";"";"";"UO_0000065";"11.96";"0.24";"5.29";"3.42";"0";"CHEMBL817290";"Inhibitory activity was measured against human mast cell tryptase.";"B";"BAO_0000224";"protein format";"None";"None";"None";"None";"None";"";"";"";"CHEMBL2095193";"Tryptase";"Homo sapiens";"PROTEIN FAMILY";"CHEMBL1131519";"1";"Scientific Literature";"J. Med. Chem.";"1998";"None";""
"CHEMBL419443";"";"0";"478.55";"0";"2.02";"22";"O=C(O)[C@@H]1[C@@H](CC2CCNCC2)C(=O)N1C(=O)N1CCN(C(=O)c2ccc3ccccc3c2)CC1";"IC50";"'='";"30.0";"nM";"7.52";"";"";"UO_0000065";"15.72";"0.29";"5.50";"6.82";"0";"CHEMBL817289";"Inhibitory activity against human tryptase";"B";"BAO_0000224";"protein format";"None";"None";"None";"None";"None";"";"";"";"CHEMBL2095193";"Tryptase";"Homo sapiens";"PROTEIN FAMILY";"CHEMBL1147563";"1";"Scientific Literature";"Bioorg. Med. Chem. Lett.";"2004";"None";""
"CHEMBL309576";"";"0";"509.56";"1";"1.83";"17";"Cc1onc(-c2ccccc2)c1C(=O)N1CCN(C(=O)N2C(=O)[C@H](CC3CCNCC3)[C@H]2C(=O)O)CC1";"IC50";"'='";"290.0";"nM";"6.54";"";"";"UO_0000065";"12.83";"0.24";"4.71";"4.80";"0";"CHEMBL817289";"Inhibitory activity against human tryptase";"B";"BAO_0000224";"protein format";"None";"None";"None";"None";"None";"";"";"";"CHEMBL2095193";"Tryptase";"Homo sapiens";"PROTEIN FAMILY";"CHEMBL1147563";"1";"Scientific Literature";"Bioorg. Med. Chem. Lett.";"2004";"None";""
"CHEMBL321145";"";"0";"470.57";"0";"3.56";"8l";"NCc1cccc(NC(=O)CN2CCCCC(NC(=O)c3ccc(-c4ccccc4)cc3)C2=O)c1";"IC50";"'>'";"250.0";"nM";"";"";"";"UO_0000065";"";"";"";"";"0";"CHEMBL817287";"Inhibition of human tryptase.";"B";"BAO_0000224";"protein format";"None";"None";"None";"None";"None";"";"";"";"CHEMBL2095193";"Tryptase";"Homo sapiens";"PROTEIN FAMILY";"CHEMBL1139445";"1";"Scientific Literature";"Bioorg. Med. Chem. Lett.";"2004";"None";""
"CHEMBL104064";"";"0";"484.60";"0";"3.87";"8s";"Cc1ccc(CN)cc1NC(=O)CN1CCCCC(NC(=O)c2ccc(-c3ccccc3)cc2)C1=O";"IC50";"'='";"74.0";"nM";"7.13";"";"";"UO_0000065";"14.71";"0.27";"3.26";"6.82";"0";"CHEMBL817287";"Inhibition of human tryptase.";"B";"BAO_0000224";"protein format";"None";"None";"None";"None";"None";"";"";"";"CHEMBL2095193";"Tryptase";"Homo sapiens";"PROTEIN FAMILY";"CHEMBL1139445";"1";"Scientific Literature";"Bioorg. Med. Chem. Lett.";"2004";"None";""
"CHEMBL424493";"";"0";"332.34";"0";"1.23";"7u";"Nc1ccc(C(=O)OCN2C(=O)c3ccccc3S2(=O)=O)cc1";"IC50";"'>'";"33000.0";"nM";"";"";"";"UO_0000065";"";"";"";"";"0";"CHEMBL817290";"Inhibitory activity was measured against human mast cell tryptase.";"B";"BAO_0000224";"protein format";"None";"None";"None";"None";"None";"";"";"";"CHEMBL2095193";"Tryptase";"Homo sapiens";"PROTEIN FAMILY";"CHEMBL1131519";"1";"Scientific Literature";"J. Med. Chem.";"1998";"None";""
"CHEMBL320744";"";"0";"333.35";"0";"0.39";"8a";"N=C(N)NCCC[C@H]1C(=O)N(C(=O)Nc2ccccc2)[C@@H]1C(=O)O";"IC50";"'='";"6.0";"nM";"8.22";"";"";"UO_0000065";"24.66";"0.47";"7.83";"5.53";"0";"CHEMBL697873";"In vitro inhibition of human tryptase.";"B";"BAO_0000224";"protein format";"Homo sapiens";"None";"None";"None";"None";"";"";"";"CHEMBL2095193";"Tryptase";"Homo sapiens";"PROTEIN FAMILY";"CHEMBL1134957";"1";"Scientific Literature";"Bioorg. Med. Chem. Lett.";"2002";"None";""
"CHEMBL343239";"";"0";"619.65";"1";"3.71";"7g";"CC(C)(C)OC(=O)N(C(=O)OCN1C(=O)c2ccccc2S1(=O)=O)[C@@H](CCCCNC(=O)OCc1ccccc1)C(=O)O";"IC50";"'='";"352.0";"nM";"6.45";"";"";"UO_0000065";"10.41";"0.20";"2.74";"3.47";"0";"CHEMBL817290";"Inhibitory activity was measured against human mast cell tryptase.";"B";"BAO_0000224";"protein format";"None";"None";"None";"None";"None";"";"";"";"CHEMBL2095193";"Tryptase";"Homo sapiens";"PROTEIN FAMILY";"CHEMBL1131519";"1";"Scientific Literature";"J. Med. Chem.";"1998";"None";""
"CHEMBL326209";"";"0";"500.60";"1";"1.23";"23";"N=C(N)NCCC[C@H]1C(=O)N(C(=O)N2CCN(C(=O)CCCCCc3ccccc3)CC2)[C@@H]1C(=O)O";"IC50";"'<'";"1.7";"nM";"";"";"";"UO_0000065";"";"";"";"";"0";"CHEMBL817298";"Inhibitory concentration against human tryptase";"B";"BAO_0000224";"protein format";"None";"None";"None";"None";"None";"";"";"";"CHEMBL2095193";"Tryptase";"Homo sapiens";"PROTEIN FAMILY";"CHEMBL1134958";"1";"Scientific Literature";"Bioorg. Med. Chem. Lett.";"2002";"None";""
"CHEMBL70763";"";"0";"520.63";"1";"2.73";"54";"O=C(O)[C@@H]1[C@@H](CC2CCNCC2)C(=O)N1C(=O)N1CCN(C(=O)CCCc2ccc3ccccc3c2)CC1";"IC50";"'='";"10.0";"nM";"8.00";"";"";"UO_0000065";"15.37";"0.29";"5.27";"7.26";"0";"CHEMBL817289";"Inhibitory activity against human tryptase";"B";"BAO_0000224";"protein format";"None";"None";"None";"None";"None";"";"";"";"CHEMBL2095193";"Tryptase";"Homo sapiens";"PROTEIN FAMILY";"CHEMBL1147563";"1";"Scientific Literature";"Bioorg. Med. Chem. Lett.";"2004";"None";""
"CHEMBL311165";"";"0";"532.64";"1";"2.65";"39";"O=C(O)[C@@H]1[C@@H](CC2CCNCC2)C(=O)N1C(=O)N1CCN(C(=O)c2ccccc2CCc2ccccc2)CC1";"IC50";"'='";"140.0";"nM";"6.85";"";"";"UO_0000065";"12.87";"0.24";"4.20";"6.22";"0";"CHEMBL817289";"Inhibitory activity against human tryptase";"B";"BAO_0000224";"protein format";"None";"None";"None";"None";"None";"";"";"";"CHEMBL2095193";"Tryptase";"Homo sapiens";"PROTEIN FAMILY";"CHEMBL1147563";"1";"Scientific Literature";"Bioorg. Med. Chem. Lett.";"2004";"None";""
"CHEMBL70813";"";"0";"534.61";"1";"2.44";"31";"O=C(O)[C@@H]1[C@@H](CC2CCNCC2)C(=O)N1C(=O)N1CCN(C(=O)c2ccc(OCc3ccccc3)cc2)CC1";"IC50";"'='";"4.0";"nM";"8.40";"";"";"UO_0000065";"15.71";"0.29";"5.96";"7.03";"0";"CHEMBL817289";"Inhibitory activity against human tryptase";"B";"BAO_0000224";"protein format";"None";"None";"None";"None";"None";"";"";"";"CHEMBL2095193";"Tryptase";"Homo sapiens";"PROTEIN FAMILY";"CHEMBL1147563";"1";"Scientific Literature";"Bioorg. Med. Chem. Lett.";"2004";"None";""
"CHEMBL302711";"";"0";"491.57";"0";"0.89";"16";"CC(=O)Nc1ccsc1C(=O)N1CCN(C(=O)N2C(=O)[C@H](CC3CCNCC3)[C@H]2C(=O)O)CC1";"IC50";"'='";"190.0";"nM";"6.72";"";"";"UO_0000065";"13.67";"0.27";"5.83";"4.82";"0";"CHEMBL817289";"Inhibitory activity against human tryptase";"B";"BAO_0000224";"protein format";"None";"None";"None";"None";"None";"";"";"";"CHEMBL2095193";"Tryptase";"Homo sapiens";"PROTEIN FAMILY";"CHEMBL1147563";"1";"Scientific Literature";"Bioorg. Med. Chem. Lett.";"2004";"None";""
"CHEMBL304359";"";"0";"548.68";"1";"3.51";"56";"O=C(O)[C@@H]1[C@@H](CC2CCNCC2)C(=O)N1C(=O)N1CCN(C(=O)CCCCCc2ccc3ccccc3c2)CC1";"IC50";"'='";"1.0";"nM";"9.00";"";"";"UO_0000065";"16.40";"0.31";"5.49";"8.16";"0";"CHEMBL817289";"Inhibitory activity against human tryptase";"B";"BAO_0000224";"protein format";"None";"None";"None";"None";"None";"";"";"";"CHEMBL2095193";"Tryptase";"Homo sapiens";"PROTEIN FAMILY";"CHEMBL1147563";"1";"Scientific Literature";"Bioorg. Med. Chem. Lett.";"2004";"None";""
"CHEMBL70738";"";"0";"540.67";"1";"1.96";"BMS-363130 (22, 6S-isomer)";"N=C(N)N1CCC[C@@H](C[C@H]2C(=O)N(C(=O)N3CCN(C(=O)CCCCCc4ccccc4)CC3)[C@@H]2C(=O)O)C1";"IC50";"'<'";"1.7";"nM";"";"";"";"UO_0000065";"";"";"";"";"1";"CHEMBL817298";"Inhibitory concentration against human tryptase";"B";"BAO_0000224";"protein format";"None";"None";"None";"None";"None";"";"";"";"CHEMBL2095193";"Tryptase";"Homo sapiens";"PROTEIN FAMILY";"CHEMBL1134958";"1";"Scientific Literature";"Bioorg. Med. Chem. Lett.";"2002";"None";""
"CHEMBL3604626";"";"0";"361.79";"0";"1.43";"1";"CN1C(=O)c2ccc(OC(=O)CCc3ccc(N)nc3)cc2C1=O.Cl";"IC50";"'='";"190.0";"nM";"6.72";"";"";"UO_0000065";"20.66";"0.38";"5.29";"6.55";"0";"CHEMBL3607633";"Inhibition of tryptase (unknown origin) using t-Boc-Phe-Ser-Arg-MCA as substrate after 5 mins by fluorimetric analysis";"B";"BAO_0000224";"protein format";"Homo sapiens";"None";"None";"None";"None";"";"";"";"CHEMBL2095193";"Tryptase";"Homo sapiens";"PROTEIN FAMILY";"CHEMBL3603840";"1";"Scientific Literature";"Bioorg. Med. Chem. Lett.";"2015";"None";""
"CHEMBL72238";"";"0";"492.58";"0";"1.95";"23";"O=C(O)[C@@H]1[C@@H](CC2CCNCC2)C(=O)N1C(=O)N1CCN(C(=O)Cc2ccc3ccccc3c2)CC1";"IC50";"'='";"70.0";"nM";"7.16";"";"";"UO_0000065";"14.53";"0.27";"5.20";"6.49";"0";"CHEMBL817289";"Inhibitory activity against human tryptase";"B";"BAO_0000224";"protein format";"None";"None";"None";"None";"None";"";"";"";"CHEMBL2095193";"Tryptase";"Homo sapiens";"PROTEIN FAMILY";"CHEMBL1147563";"1";"Scientific Literature";"Bioorg. Med. Chem. Lett.";"2004";"None";""
"CHEMBL111173";"";"0";"541.65";"1";"1.36";"18b";"N=C(N)N1CCCC(C[C@H]2C(=O)N(C(=O)N3CCN(C(=O)NCCCCc4ccccc4)CC3)[C@@H]2C(=O)O)C1";"IC50";"'<'";"1.7";"nM";"";"";"";"UO_0000065";"";"";"";"";"0";"CHEMBL817298";"Inhibitory concentration against human tryptase";"B";"BAO_0000224";"protein format";"None";"None";"None";"None";"None";"";"";"";"CHEMBL2095193";"Tryptase";"Homo sapiens";"PROTEIN FAMILY";"CHEMBL1134958";"1";"Scientific Literature";"Bioorg. Med. Chem. Lett.";"2002";"None";""
"CHEMBL71037";"";"0";"425.49";"0";"-0.80";"5";"CC(C)(C)NC(=O)N1CCN(C(=O)N2C(=O)[C@H](CCCN=C(N)N)[C@H]2C(=O)O)CC1";"IC50";"'='";"5.0";"nM";"8.30";"";"";"UO_0000065";"19.51";"0.38";"9.10";"4.75";"0";"CHEMBL4199288";"Inhibition of human lung tryptase using Z-glypro-arg-AMC incubated for 3 mins by spectrophotometry";"B";"BAO_0000224";"protein format";"Homo sapiens";"None";"None";"None";"None";"";"";"";"CHEMBL2095193";"Tryptase";"Homo sapiens";"PROTEIN FAMILY";"CHEMBL4196099";"1";"Scientific Literature";"J Med Chem";"2018";"None";""
